Date,PKN.WA,PKO.WA,KGH.WA,PZU.WA,ALE.WA,CDR.WA,DNP.WA,LPP.WA,PEO.WA,MBK.WA,CPS.WA,JSW.WA,KTY.WA,OPL.WA,SPL.WA,TPE.WA,BDX.WA,XTB.WA,ENA.WA,ING.WA
2023-01-02,51.532344818115234,26.146081924438477,124.08500671386719,27.379619598388672,25.440000534057617,126.9491195678711,36.91999816894531,9303.0947265625,66.76869201660156,297.3999938964844,17.799999237060547,57.97999954223633,378.57806396484375,5.681997776031494,189.02059936523438,2.134999990463257,235.47987365722656,23.957204818725586,5.979014873504639,129.408447265625
2023-01-03,52.0109748840332,27.433090209960938,126.85540771484375,27.561569213867188,26.665000915527344,126.61540985107422,35.939998626708984,9663.611328125,70.1488037109375,322.20001220703125,17.700000762939453,55.0,386.9554748535156,5.654908180236816,198.323974609375,2.1619999408721924,242.08981323242188,23.713058471679688,6.1253204345703125,134.45237731933594
2023-01-04,52.457698822021484,28.219112396240234,128.79954528808594,28.360570907592773,27.0,125.14312744140625,36.0,9637.232421875,72.13983154296875,334.0,18.040000915527344,57.5,381.76947021484375,5.72263240814209,208.80868530273438,2.2060000896453857,242.08981323242188,24.30817222595215,6.027782917022705,139.49632263183594
2023-01-05,49.82523727416992,28.66826820373535,132.68785095214844,28.281461715698242,26.649999618530273,130.10958862304688,35.279998779296875,9839.4736328125,72.91153717041016,336.3999938964844,18.540000915527344,56.52000045776367,382.96624755859375,5.822524070739746,211.90980529785156,2.2170000076293945,233.41427612304688,24.384469985961914,6.057044506072998,140.59967041015625
2023-01-09,49.458290100097656,29.739336013793945,143.96389770507812,28.953886032104492,28.65999984741211,131.26780700683594,36.529998779296875,10314.3017578125,75.98295593261719,345.0,19.09000015258789,58.08000183105469,379.7748718261719,5.9681291580200195,218.4073944091797,2.174999952316284,238.37173461914062,25.086400985717773,5.852216720581055,143.90975952148438
2023-01-10,49.458290100097656,30.231678009033203,146.6370849609375,29.207035064697266,28.90999984741211,135.6060791015625,36.5,11017.748046875,77.01705169677734,356.0,19.06999969482422,58.47999954223633,393.3382568359375,5.993525505065918,220.6224822998047,2.1429998874664307,235.06675720214844,25.6052188873291,5.6815266609191895,142.64877319335938
2023-01-11,49.458290100097656,29.756607055664062,146.345458984375,29.112104415893555,29.075000762939453,133.2504425048828,36.52000045776367,10059.2998046875,76.36881256103516,339.79998779296875,19.239999771118164,59.459999084472656,378.57806396484375,5.873316287994385,216.33999633789062,2.180000066757202,234.65362548828125,25.20847511291504,5.852216720581055,141.07254028320312
2023-01-12,50.35173034667969,30.732662200927734,146.88009643554688,28.890600204467773,30.975000381469727,127.53803253173828,36.61000061035156,9452.5771484375,78.21321105957031,344.3999938964844,19.100000381469727,58.400001525878906,376.5834655761719,5.883475303649902,220.7701416015625,2.253000020980835,237.9586181640625,25.223735809326172,6.105813026428223,143.4368896484375
2023-01-13,49.857147216796875,30.508081436157227,149.5046844482422,28.669097900390625,31.354999542236328,129.69735717773438,36.349998474121094,9267.921875,77.94310760498047,343.6000061035156,18.790000915527344,57.900001525878906,378.57806396484375,5.8326826095581055,219.73646545410156,2.2290000915527344,239.61109924316406,25.223735809326172,6.154581069946289,141.07254028320312
2023-01-16,50.49531936645508,30.93996238708496,146.10244750976562,28.645360946655273,31.700000762939453,126.43875122070312,36.86000061035156,9452.5771484375,78.56048583984375,350.6000061035156,18.649999618530273,56.08000183105469,378.1791687011719,5.9291887283325195,223.4282684326172,2.194999933242798,240.43734741210938,25.025362014770508,6.047290325164795,141.70303344726562
2023-01-17,49.82523727416992,29.920724868774414,144.69293212890625,28.3526611328125,31.5,127.00801086425781,36.29999923706055,9276.71484375,75.45819091796875,335.20001220703125,18.850000381469727,56.380001068115234,386.5565490722656,5.905484676361084,216.7830047607422,2.1989998817443848,235.89300537109375,25.010101318359375,6.135073661804199,137.13198852539062
2023-01-18,50.942039489746094,29.480205535888672,148.38681030273438,28.20235252380371,32.224998474121094,130.8162841796875,36.189998626708984,9320.681640625,74.00736999511719,332.79998779296875,18.850000381469727,58.099998474121094,383.76409912109375,5.8326826095581055,214.86328125,2.2139999866485596,233.827392578125,24.949066162109375,6.23748779296875,135.24049377441406
2023-01-19,50.49531936645508,29.28154182434082,142.31134033203125,28.7165584564209,29.520000457763672,130.0507049560547,35.470001220703125,9179.9912109375,73.46717071533203,331.0,19.049999237060547,57.380001068115234,388.5511779785156,5.830989360809326,212.79586791992188,2.2019999027252197,228.8699188232422,25.07114028930664,6.271625518798828,132.8761444091797
2023-01-20,50.76654052734375,29.264266967773438,140.46441650390625,29.072551727294922,28.725000381469727,130.0703582763672,36.38999938964844,9320.681640625,73.62151336669922,330.20001220703125,19.1299991607666,58.79999923706055,382.96624755859375,5.849613189697266,212.79586791992188,2.188999891281128,226.3911895751953,25.040620803833008,6.232610702514648,134.92523193359375
2023-01-23,51.835479736328125,29.411102294921875,143.67225646972656,29.30987548828125,29.860000610351562,133.19154357910156,37.029998779296875,9329.4736328125,74.6247329711914,328.0,19.600000381469727,61.279998779296875,387.3543701171875,5.93596076965332,217.2260284423828,2.309999942779541,227.21743774414062,25.101659774780273,6.417931079864502,138.5505828857422
2023-01-24,51.72379684448242,29.35064125061035,144.547119140625,28.977619171142578,29.399999618530273,131.4444580078125,37.40999984741211,9241.54296875,74.39322662353516,329.0,19.229999542236328,64.41999816894531,385.7586975097656,5.863158226013184,216.48768615722656,2.3380000591278076,226.3911895751953,24.82699203491211,6.564236640930176,137.60484313964844
2023-01-25,51.34090042114258,28.17592430114746,144.01246643066406,28.70073699951172,29.06999969482422,129.08880615234375,37.540000915527344,9127.232421875,70.9205093383789,313.3999938964844,18.790000915527344,64.4800033569336,381.37054443359375,5.849613189697266,208.218017578125,2.322999954223633,226.3911895751953,24.979585647583008,6.510591506958008,135.5557403564453
2023-01-26,51.94715881347656,28.1845645904541,145.08175659179688,29.120019912719727,30.0,132.1707763671875,38.63999938964844,9136.025390625,71.39897918701172,322.6000061035156,19.139999389648438,64.95999908447266,389.3489990234375,5.924108982086182,209.99008178710938,2.3340001106262207,226.3911895751953,24.75069236755371,6.45206880569458,134.76760864257812
2023-01-27,53.89358139038086,27.830421447753906,142.116943359375,28.882688522338867,30.125,131.42483520507812,38.720001220703125,9144.8193359375,70.59639739990234,317.3999938964844,18.899999618530273,64.31999969482422,391.3435974121094,6.005377292633057,208.51333618164062,2.306999921798706,227.21743774414062,24.720176696777344,6.398423671722412,135.3981170654297
2023-01-30,52.60128402709961,27.234424591064453,139.68675231933594,28.882688522338867,29.690000534057617,130.34515380859375,39.2599983215332,8986.5419921875,69.54686737060547,309.20001220703125,18.3700008392334,63.84000015258789,390.1468505859375,5.875009536743164,207.92266845703125,2.311000108718872,224.32554626464844,24.53706169128418,6.3935465812683105,131.1422882080078
2023-01-31,51.78761291503906,27.778593063354492,136.72193908691406,29.048818588256836,29.959999084472656,136.74465942382812,39.11000061035156,8898.6123046875,71.15202331542969,317.79998779296875,18.350000381469727,67.23999786376953,398.1253356933594,5.908871173858643,211.90980529785156,2.359999895095825,229.69615173339844,25.284770965576172,6.583744049072266,136.0286102294922
2023-02-01,50.160282135009766,27.778593063354492,134.97222900390625,29.00926399230957,29.55500030517578,135.72386169433594,38.040000915527344,8872.2333984375,70.11792755126953,314.79998779296875,18.200000762939453,59.41999816894531,396.5296325683594,5.841148376464844,208.9563751220703,2.244999885559082,234.65362548828125,24.720176696777344,6.261871814727783,136.1862335205078
2023-02-02,50.702728271484375,27.942707061767578,137.4995880126953,29.404808044433594,31.06999969482422,143.08523559570312,38.0,9039.30078125,71.26006317138672,318.79998779296875,18.799999237060547,60.5,402.11456298828125,5.902099132537842,212.0574951171875,2.250999927520752,236.30612182617188,23.957204818725586,6.320394039154053,135.24049377441406
2023-02-03,50.28791046142578,28.262300491333008,133.90292358398438,29.42854118347168,31.5049991607666,144.0863800048828,38.59000015258789,9100.853515625,72.07809448242188,320.0,18.600000381469727,57.619998931884766,405.3059387207031,5.851306915283203,214.12489318847656,2.197999954223633,236.30612182617188,24.414987564086914,6.232610702514648,136.1862335205078
2023-02-06,49.49020004272461,27.50218963623047,131.1325225830078,28.368480682373047,31.125,139.92474365234375,37.95000076293945,8898.6123046875,70.2259750366211,312.6000061035156,17.90999984741211,57.5,414.8800964355469,5.741256237030029,208.66102600097656,2.180000066757202,223.08619689941406,23.468908309936523,6.0960588455200195,134.1371307373047
2023-02-07,49.9528694152832,27.47627830505371,134.48619079589844,28.423856735229492,30.8799991607666,138.6684112548828,38.2400016784668,8898.6123046875,70.38031005859375,312.6000061035156,17.90999984741211,57.599998474121094,405.3059387207031,5.776810646057129,209.69473266601562,2.188999891281128,224.73867797851562,24.414987564086914,6.2228569984436035,132.71852111816406
2023-02-08,51.45257568359375,27.856332778930664,134.09735107421875,28.423856735229492,31.389999389648438,139.0806427001953,37.689998626708984,8881.02734375,71.33724212646484,318.0,18.149999618530273,59.65999984741211,411.688720703125,5.756494045257568,211.614501953125,2.2060000896453857,221.43370056152344,23.97246551513672,6.193595886230469,133.34901428222656
2023-02-09,51.197303771972656,28.33139991760254,134.875,28.771936416625977,31.239999771118164,138.8647003173828,37.599998474121094,8872.2333984375,72.66458892822266,319.0,17.969999313354492,57.41999816894531,418.86932373046875,5.749721050262451,213.23887634277344,2.2070000171661377,224.73867797851562,24.598100662231445,6.300886631011963,136.974365234375
2023-02-10,50.65486145019531,27.752683639526367,129.9174346923828,27.91756248474121,29.68000030517578,136.0771942138672,36.54999923706055,8489.732421875,70.87420654296875,309.3999938964844,17.90999984741211,56.439998626708984,398.92315673828125,5.807286262512207,210.285400390625,2.1700000762939453,221.02056884765625,24.186098098754883,6.193595886230469,135.08285522460938
2023-02-13,50.591041564941406,27.899520874023438,129.431396484375,28.518789291381836,29.725000381469727,136.3323974609375,36.400001525878906,8652.4052734375,71.53787994384766,313.0,17.520000457763672,53.720001220703125,395.7318115234375,5.714166641235352,210.43309020996094,2.125,223.9124298095703,24.414987564086914,6.193595886230469,130.3541717529297
2023-02-14,50.750587463378906,28.279577255249023,130.0146484375,28.257728576660156,29.565000534057617,131.758544921875,35.93000030517578,8612.8369140625,72.27873229980469,320.0,17.559999465942383,54.880001068115234,397.3274841308594,5.78188943862915,212.64817810058594,2.11299991607666,224.73867797851562,24.53706169128418,6.25699520111084,131.7727813720703
2023-02-15,50.8941764831543,28.53870391845703,128.89675903320312,28.613718032836914,29.600000381469727,135.8416290283203,37.0,8766.716796875,72.43307495117188,321.3999938964844,17.610000610351562,55.939998626708984,393.7371520996094,5.822524070739746,213.97723388671875,2.124000072479248,223.9124298095703,24.53706169128418,6.21798038482666,132.4032745361328
2023-02-16,50.49531936645508,27.95134735107422,130.25765991210938,28.637453079223633,29.149999618530273,136.94094848632812,36.79999923706055,8661.1982421875,73.4363021850586,327.20001220703125,17.719999313354492,55.599998474121094,395.7318115234375,5.934267997741699,213.53421020507812,2.1559998989105225,226.80430603027344,25.177955627441406,6.339901447296143,135.5557403564453
2023-02-17,50.49531936645508,27.571290969848633,129.67442321777344,28.55834197998047,29.030000686645508,133.30934143066406,37.13999938964844,8779.90625,71.07485961914062,322.0,18.149999618530273,55.900001525878906,406.1037902832031,5.934267997741699,212.0574951171875,2.1659998893737793,228.04368591308594,26.078258514404297,6.4130539894104,133.0337677001953
2023-02-20,50.44745635986328,27.078947067260742,132.8822479248047,28.257728576660156,28.825000762939453,133.81971740722656,37.0,8709.5615234375,69.56229400634766,319.20001220703125,17.959999084472656,56.099998474121094,402.11456298828125,5.903792381286621,212.3528594970703,2.181999921798706,227.63055419921875,26.81070899963379,6.408177375793457,132.08804321289062
2023-02-21,50.096458435058594,26.543413162231445,131.81298828125,28.15488624572754,27.700000762939453,128.79437255859375,37.150001525878906,8687.5791015625,68.17321014404297,314.6000061035156,17.56999969482422,55.34000015258789,399.7210388183594,5.805593013763428,210.43309020996094,2.135999917984009,222.67308044433594,25.818849563598633,6.242364406585693,131.93040466308594
2023-02-22,49.77737808227539,25.947418212890625,124.91126251220703,27.719789505004883,27.989999771118164,129.50106811523438,36.380001068115234,8441.37109375,66.69152069091797,312.0,17.309999465942383,53.279998779296875,397.3274841308594,5.880088806152344,207.62730407714844,2.0959999561309814,223.08619689941406,25.284770965576172,6.1789655685424805,128.6203155517578
2023-02-23,51.2132568359375,26.396574020385742,124.76545715332031,28.48714256286621,28.799999237060547,132.01373291015625,37.25,8366.6298828125,67.4014892578125,314.0,17.469999313354492,55.7599983215332,394.5350036621094,5.842840671539307,207.92266845703125,2.1670000553131104,223.08619689941406,25.238994598388672,6.266748905181885,130.98468017578125
2023-02-24,49.90501022338867,26.431123733520508,120.53694152832031,28.645360946655273,28.399999618530273,127.12579345703125,37.0,8296.28515625,68.01886749267578,317.6000061035156,17.229999542236328,54.060001373291016,388.9501037597656,5.749721050262451,210.8760986328125,2.138000011444092,226.3911895751953,24.964326858520508,6.271625518798828,130.82705688476562
2023-02-27,50.28791046142578,26.396574020385742,122.28667449951172,28.629539489746094,28.799999237060547,129.67771911621094,37.08000183105469,8428.1806640625,68.08060455322266,316.0,17.15999984741211,54.79999923706055,393.3382568359375,5.702314853668213,218.9980926513672,2.1489999294281006,223.08619689941406,25.345809936523438,6.320394039154053,132.56089782714844
2023-02-28,53.17564392089844,26.84572982788086,123.84198760986328,28.969711303710938,29.05500030517578,129.95254516601562,37.15999984741211,8283.0947265625,69.20730590820312,328.0,17.25,54.65999984741211,396.92852783203125,5.6921563148498535,220.6224822998047,2.1530001163482666,232.58802795410156,25.391586303710938,6.315516948699951,134.61000061035156
2023-03-01,52.87250518798828,27.078947067260742,128.50791931152344,29.080461502075195,28.295000076293945,129.81515502929688,37.34000015258789,8450.1630859375,69.22274017333984,323.79998779296875,17.479999542236328,55.540000915527344,396.92852783203125,5.793741226196289,221.50851440429688,2.1480000019073486,240.43734741210938,25.666255950927734,6.315516948699951,136.0286102294922
2023-03-02,51.979068756103516,26.37066078186035,124.47383117675781,28.589982986450195,27.825000762939453,128.38214111328125,37.619998931884766,8300.681640625,67.41693878173828,311.20001220703125,17.329999923706055,52.2400016784668,390.9447021484375,5.714166641235352,211.3191375732422,2.065999984741211,240.8504638671875,25.742551803588867,6.144827842712402,131.45753479003906
2023-03-03,52.33005905151367,26.750715255737305,127.24423217773438,28.922245025634766,28.739999771118164,128.24472045898438,38.27000045776367,8485.3359375,68.43560028076172,316.20001220703125,17.350000381469727,53.0,402.9123840332031,5.736176490783691,215.01095581054688,2.0769999027252197,240.43734741210938,26.597078323364258,6.154581069946289,134.1371307373047
2023-03-06,52.92036437988281,27.29488754272461,126.36937713623047,29.634225845336914,28.854999542236328,129.75625610351562,38.90999984741211,8626.025390625,70.30313873291016,326.3999938964844,17.989999771118164,53.779998779296875,410.093017578125,5.817444801330566,222.98524475097656,2.0850000381469727,239.61109924316406,26.70389175415039,6.281379222869873,137.9200897216797
2023-03-07,51.93120193481445,26.76799201965332,122.33527374267578,29.301969528198242,28.290000915527344,130.9929656982422,39.43000030517578,8617.2333984375,69.96359252929688,321.0,17.780000686645508,52.599998474121094,408.4973449707031,5.7734246253967285,218.55506896972656,2.063999891281128,249.5260467529297,26.719152450561523,6.378916263580322,137.9200897216797
2023-03-08,51.979068756103516,26.863006591796875,122.4810791015625,29.373165130615234,28.334999084472656,129.81515502929688,40.349998474121094,8630.4228515625,70.30313873291016,321.79998779296875,18.0,53.040000915527344,407.699462890625,5.871623516082764,220.47483825683594,2.0429999828338623,250.76541137695312,27.58893585205078,6.242364406585693,136.81674194335938
2023-03-09,50.6389045715332,26.344749450683594,118.49559020996094,29.143749237060547,28.045000076293945,129.7366180419922,40.7400016784668,8384.2158203125,69.1610107421875,317.79998779296875,17.84000015258789,52.15999984741211,402.11456298828125,5.891940593719482,220.03179931640625,2.0959999561309814,256.9622497558594,26.932783126831055,6.534975051879883,137.9200897216797
2023-03-10,49.82523727416992,25.722841262817383,118.05815124511719,28.186532974243164,27.389999389648438,126.3209457397461,41.459999084472656,8291.888671875,66.07415008544922,304.20001220703125,17.100000381469727,50.65999984741211,394.1360778808594,5.74294900894165,212.0574951171875,2.061000108718872,255.72288513183594,27.29900550842285,6.466699600219727,135.5557403564453
2023-03-13,47.84690475463867,24.97136688232422,116.21121978759766,27.569480895996094,27.15999984741211,124.73089599609375,40.5099983215332,8085.25048828125,63.60466384887695,295.79998779296875,16.950000762939453,48.150001525878906,386.9554748535156,5.553323268890381,208.36570739746094,2.0280001163482666,252.41790771484375,26.795446395874023,6.388669967651367,129.56607055664062
2023-03-14,47.63949966430664,24.902265548706055,117.13468933105469,26.97616195678711,27.53499984741211,127.596923828125,41.2599983215332,8177.57763671875,63.836177825927734,294.6000061035156,16.649999618530273,47.369998931884766,401.31671142578125,5.451737880706787,208.07032775878906,2.009999990463257,256.1360168457031,26.33766746520996,6.183842658996582,130.82705688476562
2023-03-15,45.0389518737793,24.1594295501709,110.13577270507812,26.24835968017578,26.924999237060547,126.96875,40.5,8041.28564453125,61.90689468383789,286.0,16.34000015258789,44.099998474121094,423.6564025878906,5.436500072479248,206.7412872314453,1.944000005722046,250.352294921875,25.803590774536133,6.0521674156188965,124.83737182617188
2023-03-16,44.289100646972656,23.494333267211914,111.69108581542969,26.042675018310547,27.299999237060547,132.8970947265625,40.93000030517578,8151.19921875,61.644508361816406,283.0,16.510000228881836,45.54999923706055,429.2413024902344,5.509303092956543,205.4122314453125,1.9474999904632568,251.59165954589844,25.345809936523438,6.144827842712402,124.36450958251953
2023-03-17,44.225284576416016,22.855148315429688,111.20504760742188,25.101280212402344,26.809999465942383,128.57843017578125,41.150001525878906,8102.83740234375,59.71522521972656,272.79998779296875,16.030000686645508,44.900001525878906,426.8477783203125,5.460203170776367,199.80068969726562,1.8925000429153442,253.65725708007812,25.101659774780273,6.081428527832031,125.46786499023438
2023-03-20,44.4167366027832,23.11427879333496,114.07266235351562,25.022171020507812,27.100000381469727,128.30361938476562,41.029998779296875,8168.7861328125,60.872798919677734,273.79998779296875,16.139999389648438,46.709999084472656,409.2951965332031,5.502531051635742,195.37051391601562,1.906999945640564,248.6998291015625,25.513660430908203,6.139950752258301,124.83737182617188
2023-03-21,46.139801025390625,24.168067932128906,115.57937622070312,26.303735733032227,26.1200008392334,114.30720520019531,41.40999984741211,8181.97607421875,63.789886474609375,288.0,16.420000076293945,47.5,399.7210388183594,5.59903621673584,202.754150390625,1.968000054359436,252.41790771484375,26.413963317871094,6.369162559509277,126.09835815429688
2023-03-22,46.028114318847656,23.805288314819336,115.33635711669922,25.955657958984375,26.264999389648438,110.69522857666016,41.470001220703125,8164.388671875,62.663169860839844,281.20001220703125,15.920000076293945,46.68000030517578,404.50811767578125,5.680304527282715,201.42507934570312,1.9505000114440918,261.91973876953125,26.627595901489258,6.369162559509277,123.73401641845703
2023-03-23,45.964298248291016,23.667083740234375,114.12126922607422,26.02685546875,26.3799991607666,107.96662902832031,40.33000183105469,8256.716796875,62.663169860839844,283.0,16.09000015258789,46.45000076293945,430.8370056152344,5.783583164215088,202.754150390625,1.9474999904632568,255.72288513183594,25.330551147460938,6.3057637214660645,126.09835815429688
2023-03-24,44.8794059753418,23.079727172851562,111.73968505859375,25.31487464904785,26.014999389648438,108.55552673339844,38.720001220703125,8212.7509765625,60.88823699951172,274.20001220703125,15.789999961853027,45.439998626708984,431.6348571777344,5.7209391593933105,200.2437286376953,1.8980000019073486,261.506591796875,25.6509952545166,6.149704456329346,124.67975616455078
2023-03-27,45.294219970703125,23.382043838500977,113.19779205322266,25.409805297851562,26.15999984741211,111.95157623291016,39.11000061035156,8428.1806640625,61.96863555908203,277.0,15.800000190734863,45.459999084472656,426.0499267578125,5.693849086761475,200.98207092285156,1.8830000162124634,259.44097900390625,25.05588150024414,5.974137783050537,126.886474609375
2023-03-28,45.453765869140625,23.494333267211914,113.73242950439453,25.496824264526367,25.899999618530273,106.985107421875,40.040000915527344,8217.1474609375,63.01816177368164,286.79998779296875,15.739999771118164,45.369998931884766,423.6564025878906,5.544857978820801,211.17144775390625,1.8494999408721924,264.3984375,25.40684700012207,5.779064178466797,126.57124328613281
2023-03-29,45.35803985595703,24.228530883789062,115.19054412841797,25.94774627685547,26.104999542236328,108.14329528808594,38.529998779296875,8234.7333984375,64.56159210205078,298.79998779296875,16.219999313354492,46.90999984741211,426.8477783203125,5.578719615936279,216.63531494140625,1.8624999523162842,258.20159912109375,24.186098098754883,5.715665340423584,124.2068862915039
2023-03-30,46.55461120605469,24.88498878479004,119.8078842163086,27.70396614074707,29.7549991607666,111.18598937988281,38.290000915527344,8441.37109375,65.96611022949219,305.79998779296875,16.56999969482422,47.779998779296875,422.8585510253906,5.643056869506836,219.88409423828125,1.9809999465942383,262.3328552246094,24.262393951416016,6.149704456329346,127.5169677734375
2023-03-31,46.45888900756836,24.634498596191406,118.8358154296875,27.751432418823242,29.30500030517578,109.16407012939453,39.11000061035156,8423.7861328125,65.95067596435547,306.3999938964844,16.739999771118164,47.11000061035156,422.8585510253906,5.778503894805908,215.45394897460938,1.9270000457763672,260.68035888671875,24.186098098754883,6.164335250854492,129.25082397460938
2023-04-03,47.68736267089844,25.09229278564453,117.28050231933594,27.846363067626953,30.594999313354492,106.06248474121094,38.75,8529.3017578125,67.2162857055664,319.0,16.5,47.0,421.26287841796875,5.797127723693848,221.50851440429688,1.944000005722046,261.91973876953125,24.643877029418945,6.130197048187256,133.19139099121094
2023-04-04,47.30445861816406,24.954090118408203,115.14193725585938,28.479230880737305,30.3700008392334,106.43546295166016,38.939998626708984,8555.6806640625,67.09281921386719,324.3999938964844,16.18000030517578,45.779998779296875,414.8800964355469,5.788662433624268,220.6224822998047,1.9539999961853027,266.0509338378906,25.330551147460938,6.21798038482666,131.93040466308594
2023-04-05,47.0491943359375,24.738149642944336,113.1005859375,28.49505615234375,30.014999389648438,105.84654998779297,38.34000015258789,8371.025390625,65.71916961669922,320.79998779296875,16.280000686645508,44.470001220703125,411.688720703125,5.9444260597229,217.078369140625,1.912500023841858,265.6378173828125,25.132177352905273,6.02290678024292,130.66943359375
2023-04-06,46.74605941772461,24.76406478881836,113.19779205322266,28.518789291381836,30.024999618530273,104.23686981201172,37.970001220703125,8208.3544921875,66.50631713867188,323.3999938964844,16.209999084472656,44.75,414.082275390625,5.9444260597229,217.81671142578125,1.9199999570846558,263.9853515625,24.82699203491211,6.02290678024292,128.46270751953125
2023-04-11,48.29362869262695,25.265047073364258,116.60005187988281,28.858959197998047,30.510000228881836,103.68721771240234,37.400001525878906,8164.388671875,67.92626190185547,329.79998779296875,16.020000457763672,45.4900016784668,416.4757995605469,5.9004058837890625,225.0526580810547,1.9589999914169312,285.46771240234375,25.147436141967773,6.2228569984436035,133.82188415527344
2023-04-12,48.75630187988281,25.91286849975586,118.5927963256836,29.357345581054688,31.020000457763672,106.82805633544922,37.349998474121094,8529.3017578125,69.67033386230469,342.20001220703125,16.290000915527344,47.290000915527344,421.26287841796875,5.963050365447998,230.8118896484375,1.9500000476837158,284.6414794921875,27.02433967590332,6.213103294372559,131.93040466308594
2023-04-13,48.75630187988281,26.629789352416992,120.39112854003906,29.31778907775879,31.780000686645508,107.96662902832031,38.79999923706055,8599.646484375,70.9205093383789,350.79998779296875,16.440000534057617,47.2400016784668,421.26287841796875,6.052783966064453,231.1072235107422,1.9385000467300415,291.66455078125,27.741531372070312,6.271625518798828,131.29991149902344
2023-04-14,48.93179702758789,27.02712059020996,122.4324722290039,29.365251541137695,31.079999923706055,108.69294738769531,39.290000915527344,8573.267578125,72.15525817871094,356.6000061035156,16.40999984741211,46.16999816894531,428.4434509277344,6.078179836273193,237.60479736328125,2.0139999389648438,293.7301330566406,27.680490493774414,6.398423671722412,130.03892517089844
2023-04-17,49.21897506713867,27.122133255004883,118.73860931396484,29.404808044433594,31.829999923706055,108.88924407958984,39.349998474121094,8423.7861328125,72.51023864746094,356.0,17.0,46.43000030517578,440.4111633300781,6.12050724029541,240.55825805664062,2.062000036239624,295.3826599121094,27.161672592163086,6.681280612945557,130.82705688476562
2023-04-18,49.74546813964844,27.942707061767578,125.25149536132812,30.31456184387207,31.93000030517578,107.67216491699219,39.5,8648.0087890625,74.16170501708984,360.0,16.84000015258789,47.0099983215332,458.7616271972656,6.169606685638428,243.51170349121094,2.0940001010894775,294.1432800292969,27.37530517578125,6.730049133300781,131.6151580810547
2023-04-19,49.234928131103516,28.04636001586914,122.18946075439453,30.456960678100586,32.3849983215332,107.18141174316406,39.709999084472656,8652.4052734375,74.7636489868164,365.20001220703125,16.899999618530273,46.0099983215332,449.9853210449219,6.247488975524902,251.0430145263672,2.061000108718872,292.49078369140625,28.809682846069336,6.730049133300781,130.51181030273438
2023-04-20,48.89988708496094,28.1845645904541,122.52969360351562,30.528156280517578,32.8650016784668,107.62309265136719,39.970001220703125,8863.4404296875,75.62796783447266,366.20001220703125,17.56999969482422,46.15999984741211,457.9637756347656,6.228864669799805,255.03012084960938,2.0759999752044678,283.8152160644531,27.78730583190918,7.027536869049072,130.3541717529297
2023-04-21,48.93179702758789,28.141374588012695,119.32184600830078,30.433225631713867,32.82500076293945,108.75183868408203,39.529998779296875,9021.71484375,75.19580841064453,366.3999938964844,17.1299991607666,44.7400016784668,459.5594787597656,6.044318199157715,248.82791137695312,2.063999891281128,292.9039001464844,27.314268112182617,6.86660099029541,127.98983764648438
2023-04-24,49.474246978759766,28.270936965942383,117.3777084350586,30.654727935791016,33.0,108.26107788085938,39.95000076293945,9039.30078125,76.01382446289062,352.20001220703125,16.915000915527344,45.380001068115234,463.5487060546875,6.088338375091553,257.0975341796875,2.0769999027252197,294.5564270019531,26.749671936035156,6.769063949584961,127.98983764648438
2023-04-25,49.641761779785156,27.73540687561035,112.95477294921875,30.306650161743164,32.35499954223633,108.94813537597656,40.119998931884766,8801.888671875,75.39645385742188,349.3999938964844,16.690000534057617,44.2400016784668,462.7508544921875,6.010456562042236,251.0430145263672,2.0850000381469727,302.4057312011719,27.100637435913086,6.744679927825928,126.886474609375
2023-04-26,50.327796936035156,27.459001541137695,114.65589904785156,30.100967407226562,32.689998626708984,109.88056945800781,40.43000030517578,8793.095703125,74.20802307128906,338.0,16.950000762939453,43.84000015258789,450.38427734375,6.027387619018555,246.90817260742188,2.0439999103546143,302.81884765625,26.902263641357422,6.549605846405029,126.09835815429688
2023-04-27,51.5802116394043,28.10682487487793,115.96820068359375,30.599353790283203,33.369998931884766,111.89268493652344,42.81999969482422,10463.783203125,76.24534606933594,354.6000061035156,17.31999969482422,44.709999084472656,455.1713562011719,6.112040996551514,255.03012084960938,2.069000005722046,302.4057312011719,30.47295379638672,6.67152738571167,125.31024932861328
2023-04-28,50.591041564941406,27.700855255126953,116.0654067993164,30.29874038696289,32.71500015258789,111.20561981201172,42.34000015258789,10551.712890625,74.0691146850586,347.5,17.440000534057617,42.900001525878906,452.37884521484375,6.135745525360107,249.71395874023438,2.069000005722046,302.4057312011719,30.51873207092285,6.564236640930176,124.83737182617188
2023-05-02,50.24802780151367,27.312162399291992,112.76036834716797,30.5123348236084,32.665000915527344,109.68427276611328,42.849998474121094,10929.81640625,73.46717071533203,341.70001220703125,17.90999984741211,41.869998931884766,451.97998046875,6.272885322570801,247.4988555908203,2.0510001182556152,299.9269714355469,29.954137802124023,6.583744049072266,126.09835815429688
2023-05-04,49.394474029541016,26.232460021972656,112.90617370605469,30.1088809967041,32.78499984741211,109.92964935302734,41.4900016784668,10727.576171875,71.10572814941406,334.29998779296875,17.524999618530273,40.68000030517578,452.77777099609375,6.277964115142822,243.6593780517578,1.9950000047683716,303.2319641113281,31.541112899780273,6.45206880569458,123.41878509521484
2023-05-05,50.2958869934082,26.888917922973633,115.23915100097656,31.11356544494629,33.005001068115234,110.8130111694336,40.66999816894531,10991.369140625,73.12761688232422,344.70001220703125,17.94499969482422,41.54999923706055,450.38427734375,6.374470233917236,243.51170349121094,2.0429999828338623,302.4057312011719,32.50244903564453,6.5739898681640625,126.41360473632812
2023-05-08,50.38364028930664,27.009845733642578,118.69000244140625,31.168941497802734,33.0,109.73335266113281,40.20000076293945,10982.576171875,73.08131408691406,354.70001220703125,17.80500030517578,42.0,451.5810546875,6.450658798217773,246.61282348632812,2.1429998874664307,303.2319641113281,32.990753173828125,6.90561580657959,130.82705688476562
2023-05-09,49.96084976196289,26.88028335571289,117.08607482910156,31.208494186401367,33.29999923706055,109.78242492675781,40.81999969482422,11008.955078125,73.01957702636719,346.79998779296875,17.65999984741211,41.900001525878906,457.1659240722656,6.416797637939453,245.87448120117188,2.115000009536743,298.27447509765625,32.57875061035156,6.637389183044434,136.1862335205078
2023-05-10,50.144325256347656,26.93210792541504,115.8223876953125,31.26386833190918,33.970001220703125,110.91117095947266,40.959999084472656,11061.712890625,73.69868469238281,355.20001220703125,18.110000610351562,42.20000076293945,458.7616271972656,6.301667213439941,246.31748962402344,2.246000051498413,302.81884765625,29.374282836914062,7.164088249206543,137.9200897216797
2023-05-11,49.83321762084961,26.776630401611328,111.59387969970703,30.686376571655273,35.779998779296875,114.54277038574219,40.560001373291016,10991.369140625,73.34369659423828,349.5,17.579999923706055,41.25,449.9853210449219,6.3321428298950195,243.8070526123047,2.240000009536743,299.9269714355469,29.60317039489746,6.900738716125488,133.19139099121094
2023-05-12,50.46340560913086,27.078947067260742,111.44806671142578,31.208494186401367,35.375,112.72696685791016,41.77000045776367,11360.6796875,73.99193572998047,350.1000061035156,17.75,40.90999984741211,453.17669677734375,6.433728218078613,245.13607788085938,2.3440001010894775,306.1238708496094,28.9927978515625,7.217733860015869,130.03892517089844
2023-05-15,50.90215301513672,27.096221923828125,112.95477294921875,31.034452438354492,35.779998779296875,112.28529357910156,42.0,11395.8515625,73.83759307861328,339.8999938964844,17.719999313354492,41.70000076293945,454.3735046386719,6.364311695098877,242.33035278320312,2.3389999866485596,302.4057312011719,28.8402042388916,7.373793125152588,130.19654846191406
2023-05-16,50.662837982177734,27.320798873901367,111.59387969970703,31.374622344970703,36.349998474121094,109.14444732666016,42.41999816894531,11413.4375,74.54756927490234,345.79998779296875,18.1200008392334,40.7599983215332,459.5594787597656,6.4201836585998535,242.18267822265625,2.368000030517578,302.4057312011719,29.267465591430664,7.368916034698486,131.45753479003906
2023-05-17,50.59901809692383,27.355350494384766,109.94135284423828,31.36671257019043,36.439998626708984,107.13233947753906,42.099998474121094,11211.1962890625,74.59387969970703,341.1000061035156,17.174999237060547,40.130001068115234,457.5648498535156,6.249181747436523,240.7059326171875,2.190999984741211,296.20892333984375,29.847320556640625,6.851970672607422,135.08285522460938
2023-05-18,50.606998443603516,27.83905601501465,108.24022674560547,31.659414291381836,36.275001525878906,107.47586822509766,41.439998626708984,11228.7822265625,76.12187194824219,344.0,17.06999969482422,40.5099983215332,460.75628662109375,6.220399379730225,243.364013671875,2.1510000228881836,296.62200927734375,29.801546096801758,6.764187335968018,132.8761444091797
2023-05-19,51.428646087646484,28.720094680786133,109.55252075195312,32.07078552246094,38.345001220703125,111.59822082519531,42.349998474121094,11694.81640625,78.40613555908203,364.8999938964844,17.364999771118164,41.060001373291016,463.5487060546875,6.283043384552002,257.3929138183594,2.186000108718872,292.9039001464844,30.198287963867188,6.837339878082275,135.3981170654297
2023-05-22,51.5802116394043,28.953310012817383,110.42738342285156,32.118247985839844,38.58000183105469,115.86781311035156,42.59000015258789,11677.2294921875,78.44473266601562,366.5,17.459999084472656,40.560001373291016,462.7508544921875,6.289815902709961,259.01727294921875,2.315999984741211,298.27447509765625,30.701847076416016,6.993399143218994,138.39297485351562
2023-05-23,51.125511169433594,29.143341064453125,107.90000915527344,32.403038024902344,37.8650016784668,118.7632827758789,42.25,11624.4716796875,79.17784881591797,370.0,17.559999465942383,40.880001068115234,460.35736083984375,6.3524603843688965,259.755615234375,2.369999885559082,295.7957763671875,31.022293090820312,7.086059093475342,140.284423828125
2023-05-24,51.332916259765625,28.1845645904541,102.7480239868164,31.960031509399414,36.79999923706055,112.23621368408203,42.06999969482422,10947.4033203125,77.06336212158203,360.0,16.770000457763672,42.41999816894531,457.1659240722656,6.222092151641846,252.0767059326172,2.38700008392334,298.39697265625,30.48821449279785,6.983644962310791,134.1371307373047
2023-05-25,49.91298294067383,28.478242874145508,102.35919189453125,31.936296463012695,34.26499938964844,112.0889892578125,42.52000045776367,10709.9892578125,78.17462921142578,368.0,16.549999237060547,40.130001068115234,455.1713562011719,6.105268955230713,257.3929138183594,2.4149999618530273,303.61669921875,31.44955825805664,6.949507236480713,133.97950744628906
2023-05-26,51.6679573059082,29.428380966186523,106.24748229980469,32.418861389160156,35.1349983215332,116.70210266113281,42.95000076293945,11008.955078125,79.48654174804688,378.0,16.639999389648438,40.72999954223633,461.15521240234375,6.1154279708862305,258.5743103027344,2.4079999923706055,304.4866943359375,31.983633041381836,6.92512321472168,134.45237731933594
2023-05-29,51.09360885620117,29.4370174407959,106.53910064697266,32.023319244384766,35.51499938964844,122.6893539428711,42.43000030517578,10894.64453125,78.98492431640625,379.0,16.649999618530273,41.040000915527344,460.35736083984375,6.15098237991333,260.4940185546875,2.4179999828338623,302.7467346191406,31.815780639648438,6.837339878082275,132.4032745361328
2023-05-30,49.984779357910156,28.616445541381836,103.86590576171875,31.706880569458008,35.31999969482422,121.1679916381836,42.20000076293945,10771.5419921875,77.5572509765625,366.6000061035156,16.450000762939453,39.70000076293945,456.7669982910156,6.188230514526367,256.35919189453125,2.3239998817443848,304.0517272949219,31.64792823791504,6.495960235595703,132.56089782714844
2023-05-31,48.014427185058594,27.70949363708496,101.6787338256836,30.520248413085938,35.52000045776367,118.95958709716797,41.61000061035156,10551.712890625,74.2851791381836,352.79998779296875,15.444999694824219,38.45000076293945,453.5756530761719,6.112040996551514,248.53256225585938,2.2200000286102295,292.7422180175781,31.434297561645508,6.247241497039795,128.77793884277344
2023-06-01,49.76142501831055,28.33139991760254,105.51842498779297,31.35089111328125,35.0,121.70782470703125,44.20000076293945,10964.9892578125,76.1527328491211,356.79998779296875,15.640000343322754,39.34000015258789,453.17669677734375,6.140824317932129,255.03012084960938,2.315000057220459,300.1368713378906,32.044673919677734,6.354531764984131,131.45753479003906
2023-06-02,51.069671630859375,29.77388572692871,111.20504760742188,32.023319244384766,36.31999969482422,126.07556915283203,45.900001525878906,11387.056640625,80.4897689819336,384.5,15.96500015258789,41.400001525878906,454.77239990234375,6.154368877410889,270.5357360839844,2.3440001010894775,300.1368713378906,31.9683780670166,6.447192192077637,134.76760864257812
2023-06-05,51.2132568359375,29.627044677734375,110.08716583251953,31.67523956298828,36.185001373291016,128.28396606445312,45.56999969482422,11448.609375,79.40937042236328,388.0,16.829999923706055,41.88999938964844,467.1390380859375,6.29658842086792,271.27410888671875,2.380000114440918,294.0471496582031,32.044673919677734,6.442315101623535,132.71852111816406
2023-06-06,51.875362396240234,30.905412673950195,110.3787841796875,32.54543685913086,35.0,130.14886474609375,46.040000915527344,11562.9208984375,82.38046264648438,396.0,16.924999237060547,42.0,468.3357849121094,6.467589855194092,280.7251281738281,2.4200000762939453,299.701904296875,31.281702041625977,6.534975051879883,133.19139099121094
2023-06-07,51.8992919921875,30.508081436157227,110.6218032836914,32.3951301574707,35.40999984741211,128.57843017578125,45.79999923706055,11589.30078125,81.68592834472656,379.6000061035156,16.530000686645508,42.13999938964844,456.7669982910156,6.266112804412842,273.7845458984375,2.4049999713897705,300.1368713378906,31.571632385253906,6.369162559509277,133.19139099121094
2023-06-09,52.042884826660156,30.914052963256836,110.9620361328125,32.403038024902344,34.564998626708984,126.95893859863281,46.029998779296875,12143.2646484375,83.88530731201172,397.70001220703125,16.514999389648438,42.4900016784668,459.16058349609375,6.152676105499268,287.3703918457031,2.430999994277954,305.3566589355469,31.983633041381836,6.374039173126221,132.8761444091797
2023-06-12,51.005855560302734,30.52535629272461,107.80279541015625,32.031227111816406,34.685001373291016,139.86749267578125,46.9900016784668,12749.9873046875,83.3451156616211,378.8999938964844,16.389999389648438,41.45000076293945,457.5648498535156,6.164527893066406,278.36236572265625,2.390000104904175,301.44183349609375,31.129108428955078,6.261871814727783,133.6642608642578
2023-06-13,51.005855560302734,30.18848991394043,111.10784149169922,31.880918502807617,32.25,138.77943420410156,47.650001525878906,12222.40234375,82.49623107910156,375.79998779296875,16.31999969482422,42.060001373291016,456.7669982910156,6.039238929748535,273.4891662597656,2.3540000915527344,301.0068359375,31.052812576293945,6.144827842712402,130.03892517089844
2023-06-14,51.819522857666016,30.749935150146484,115.62797546386719,32.205265045166016,32.599998474121094,157.27674865722656,47.349998474121094,12389.4716796875,86.43196105957031,394.20001220703125,17.03499984741211,44.310001373291016,465.5433654785156,6.071407794952393,285.302978515625,2.4189999103546143,302.7467346191406,30.137250900268555,6.271625518798828,133.19139099121094
2023-06-15,52.29017639160156,30.810396194458008,117.3777084350586,32.29228973388672,32.779998779296875,166.42649841308594,48.40999984741211,12442.228515625,86.4705581665039,396.3999938964844,17.139999389648438,44.36000061035156,481.8992004394531,6.13405179977417,288.2564392089844,2.4800000190734863,302.7467346191406,30.884960174560547,6.315516948699951,136.974365234375
2023-06-16,53.30327224731445,31.242277145385742,117.32909393310547,32.505882263183594,32.5099983215332,168.15753173828125,47.709999084472656,12626.8837890625,86.5091323852539,404.3999938964844,17.045000076293945,42.34000015258789,487.484130859375,6.0951104164123535,287.3703918457031,2.486999988555908,305.7916259765625,31.388519287109375,6.315516948699951,138.39297485351562
2023-06-19,52.80868911743164,31.026338577270508,113.87825012207031,32.173622131347656,32.349998474121094,164.0030517578125,46.790000915527344,12380.677734375,85.50591278076172,396.79998779296875,17.15999984741211,41.20000076293945,487.484130859375,6.105268955230713,284.12158203125,2.5880000591278076,307.9665222167969,30.97651481628418,6.525221824645996,142.49114990234375
2023-06-20,53.111820220947266,30.689470291137695,111.44806671142578,32.13406753540039,32.400001525878906,154.3587188720703,46.97999954223633,11958.609375,84.4640884399414,394.3999938964844,17.014999389648438,41.65999984741211,483.4949035644531,6.0849528312683105,282.20184326171875,2.5510001182556152,303.61669921875,31.052812576293945,6.364285945892334,143.90975952148438
2023-06-21,53.446861267089844,31.069530487060547,112.17711639404297,32.466331481933594,32.8650016784668,153.1222686767578,46.709999084472656,11861.884765625,86.04610443115234,396.0,16.549999237060547,42.25,484.6916198730469,6.073101043701172,284.2692565917969,2.5759999752044678,314.4912414550781,31.586891174316406,6.310640335083008,142.64877319335938
2023-06-22,53.3192253112793,31.294109344482422,113.24639892578125,32.3951301574707,32.599998474121094,153.91360473632812,46.20000076293945,11958.609375,86.58631134033203,395.20001220703125,16.71500015258789,41.52000045776367,484.6916198730469,6.012149810791016,287.0750427246094,2.5799999237060547,307.5315246582031,30.930736541748047,6.300886631011963,141.38778686523438
2023-06-23,52.385902404785156,30.456254959106445,109.30950164794922,31.754344940185547,32.0,150.35260009765625,46.279998779296875,11853.0927734375,83.57662200927734,385.79998779296875,16.354999542236328,41.2400016784668,483.0959777832031,6.0426249504089355,275.26123046875,2.6040000915527344,309.2714538574219,31.434297561645508,6.325271129608154,136.34385681152344
2023-06-26,52.93632507324219,31.095443725585938,109.98995971679688,31.92047119140625,32.310001373291016,150.4515380859375,46.63999938964844,12486.1953125,85.62165832519531,408.1000061035156,16.690000534057617,41.25,495.06365966796875,6.051090717315674,285.1553039550781,2.5980000495910645,308.4014892578125,31.296964645385742,6.227734088897705,141.86065673828125
2023-06-27,52.20242691040039,30.533992767333984,108.8234634399414,31.461645126342773,31.940000534057617,145.70355224609375,45.95000076293945,12327.9189453125,83.96248626708984,407.5,16.540000915527344,40.84000015258789,489.4786682128906,5.9613566398620605,284.2692565917969,2.5759999752044678,303.61669921875,31.266441345214844,6.110689640045166,139.9691925048828
2023-06-28,52.393882751464844,30.7672119140625,107.6083755493164,31.429996490478516,31.989999771118164,149.215087890625,46.58000183105469,12327.9189453125,82.5733871459961,404.0,16.7549991607666,40.349998474121094,485.888427734375,6.000297546386719,284.5646057128906,2.7330000400543213,308.4014892578125,31.388519287109375,6.242364406585693,139.1810760498047
2023-06-29,52.704986572265625,31.16454315185547,107.41397094726562,31.58821678161621,32.0,152.973876953125,47.0,12196.0224609375,84.34834289550781,406.0,16.670000076293945,40.790000915527344,483.4949035644531,6.003684043884277,288.4040832519531,2.7990000247955322,313.186279296875,32.120967864990234,6.320394039154053,144.0673828125
2023-06-30,51.38078308105469,31.225008010864258,109.26090240478516,31.176849365234375,32.0,153.17173767089844,47.47999954223633,12319.1259765625,85.50591278076172,406.1000061035156,16.510000228881836,40.04999923706055,491.4733581542969,5.9139509201049805,287.22271728515625,2.75,312.31634521484375,31.678447723388672,6.23748779296875,147.69268798828125
2023-07-03,51.923221588134766,31.976476669311523,111.83689880371094,31.429996490478516,32.060001373291016,153.32009887695312,47.619998931884766,12486.1953125,86.82038116455078,416.79998779296875,16.579999923706055,40.91999816894531,503.4410400390625,5.864851474761963,288.9947814941406,2.806999921798706,311.4463806152344,32.044673919677734,6.330147743225098,143.59449768066406
2023-07-04,51.8275032043457,31.53595733642578,111.9341049194336,30.8841495513916,32.16999816894531,150.0558624267578,47.060001373291016,12187.2294921875,85.56270599365234,412.0,16.264999389648438,40.20000076293945,518.60009765625,5.866544246673584,279.1007385253906,2.7790000438690186,311.4463806152344,32.319339752197266,6.369162559509277,146.4317169189453
2023-07-05,50.79047393798828,31.095443725585938,108.8234634399414,30.346206665039062,32.0,141.79637145996094,46.20000076293945,11782.7470703125,83.49362182617188,396.6000061035156,15.875,39.54999923706055,520.5947265625,5.9139509201049805,274.2275390625,2.7639999389648438,305.3566589355469,31.724224090576172,6.359408855438232,145.80123901367188
2023-07-06,50.55913543701172,30.88813591003418,105.81004333496094,30.093055725097656,31.5,143.23065185546875,46.25,11905.849609375,84.06159973144531,409.1000061035156,15.899999618530273,39.0,513.81298828125,5.866544246673584,276.442626953125,2.871000051498413,313.186279296875,31.510595321655273,6.495960235595703,144.85548400878906
2023-07-07,51.69189453125,31.656885147094727,109.01789093017578,30.464868545532227,32.0,143.42848205566406,45.619998931884766,12196.4580078125,86.0901107788086,418.20001220703125,16.065000534057617,37.41999816894531,524.18505859375,5.993525505065918,281.3158264160156,2.7869999408721924,318.8410339355469,33.72428894042969,6.525221824645996,145.0131072998047
2023-07-10,52.258270263671875,31.72598648071289,108.92068481445312,30.25127410888672,31.950000762939453,143.92306518554688,46.58000183105469,12141.9697265625,86.33354187011719,407.29998779296875,16.1299991607666,38.439998626708984,528.1742553710938,6.112040996551514,275.408935546875,2.7850000858306885,323.6258544921875,33.361106872558594,6.456945896148682,149.74179077148438
2023-07-11,52.82464599609375,31.84691619873047,110.57320404052734,30.069324493408203,32.11000061035156,142.98336791992188,46.65999984741211,12450.7412109375,86.25240325927734,416.79998779296875,16.0,40.0,534.5570678710938,6.272182464599609,283.3832092285156,2.808000087738037,318.40606689453125,32.72121047973633,6.378916263580322,151.3180389404297
2023-07-12,53.60639953613281,33.32394790649414,116.3570327758789,30.89997100830078,32.95000076293945,148.86886596679688,46.599998474121094,13104.6083984375,90.22827911376953,432.8999938964844,16.325000762939453,41.65999984741211,538.5463256835938,6.377163887023926,294.7540283203125,2.809999942779541,322.3209228515625,33.2054557800293,6.43256139755249,159.59324645996094
2023-07-13,53.55854034423828,33.686729431152344,119.56486511230469,30.805038452148438,32.27000045776367,152.38040161132812,46.119998931884766,12841.2451171875,91.44539642333984,436.0,16.405000686645508,42.779998779296875,540.9398193359375,6.464351177215576,289.43780517578125,2.809999942779541,323.6258544921875,33.291927337646484,6.661773204803467,156.36196899414062
2023-07-14,53.23945236206055,33.6348991394043,117.6693344116211,30.53606605529785,33.130001068115234,152.5287628173828,46.779998779296875,13086.4462890625,91.03968811035156,450.0,16.614999771118164,42.43000030517578,550.9129028320312,6.494600772857666,297.26446533203125,2.812000036239624,341.4600524902344,34.84843444824219,6.5934977531433105,159.19918823242188
2023-07-17,53.327205657958984,33.773101806640625,114.89891815185547,30.21963119506836,33.04499816894531,157.77133178710938,47.13999938964844,13204.505859375,90.55284881591797,454.3999938964844,16.700000762939453,42.7400016784668,550.114990234375,6.530187606811523,296.2307434082031,3.441999912261963,346.244873046875,34.173946380615234,8.583250999450684,159.19918823242188
2023-07-18,54.09300994873047,34.498661041259766,113.73242950439453,30.694286346435547,32.900001525878906,157.72186279296875,47.189998626708984,13131.853515625,92.82478332519531,466.0,16.709999084472656,42.38999938964844,546.5247802734375,6.5248494148254395,306.2724609375,3.4600000381469727,361.0342102050781,34.3814811706543,8.846600532531738,159.59324645996094
2023-07-19,56.19099807739258,34.45547866821289,113.3436050415039,30.686376571655273,32.5,158.2659149169922,47.400001525878906,13095.5283203125,93.27104949951172,465.79998779296875,16.665000915527344,42.9900016784668,565.274169921875,6.489262580871582,299.7748718261719,3.3410000801086426,382.78326416015625,35.471038818359375,8.749064445495605,158.4110565185547
2023-07-20,56.06336212158203,34.23953628540039,114.31568145751953,30.417402267456055,32.470001220703125,158.4637451171875,47.2400016784668,12768.5927734375,92.82478332519531,463.1000061035156,16.405000686645508,43.83000183105469,554.5032348632812,6.361149787902832,299.6271667480469,3.390000104904175,394.0927429199219,35.73045349121094,8.856354713439941,159.19918823242188
2023-07-21,56.04741668701172,34.058143615722656,113.05199432373047,30.678462982177734,32.66999816894531,158.0186309814453,47.5,12877.572265625,91.44539642333984,454.70001220703125,16.219999313354492,41.880001068115234,556.497802734375,6.407413005828857,299.7748718261719,3.4649999141693115,391.4828796386719,35.85151672363281,8.7344331741333,159.59324645996094
2023-07-24,56.73344802856445,34.37773513793945,113.73242950439453,30.76548194885254,32.70000076293945,156.5348663330078,48.0,13122.771484375,92.62193298339844,461.0,16.5,41.27000045776367,552.9075317382812,6.476807117462158,299.0365295410156,3.5160000324249268,385.828125,34.60630798339844,8.792956352233887,157.62295532226562
2023-07-25,56.21493148803711,34.24817657470703,119.56486511230469,31.880918502807617,33.290000915527344,156.04029846191406,47.599998474121094,13004.712890625,92.33794403076172,464.29998779296875,16.239999771118164,42.27000045776367,562.481689453125,6.498158931732178,298.29815673828125,3.5950000286102295,391.4828796386719,35.43644714355469,8.81246280670166,158.8051300048828
2023-07-26,55.855953216552734,34.196346282958984,117.45777893066406,31.32715606689453,33.20000076293945,156.1392059326172,47.5,12668.697265625,92.5002212524414,469.8999938964844,16.200000762939453,41.33000183105469,555.301025390625,6.530187606811523,295.3446960449219,3.549999952316284,380.60833740234375,34.744667053222656,8.588128089904785,156.36196899414062
2023-07-27,56.398399353027344,34.96509552001953,117.70278930664062,32.15780258178711,34.650001525878906,162.51931762695312,46.0099983215332,12459.8232421875,95.46185302734375,477.0,16.209999084472656,41.099998474121094,564.8751831054688,6.654741287231445,295.3446960449219,3.578000068664551,363.6440734863281,33.067100524902344,8.529605865478516,155.25860595703125
2023-07-28,56.198970794677734,34.9996452331543,117.9968032836914,32.27646255493164,35.31999969482422,162.61822509765625,45.91999816894531,12432.578125,95.78641510009766,477.0,16.209999084472656,40.54999923706055,550.114990234375,6.5889058113098145,296.9690856933594,3.565000057220459,367.5589294433594,34.03559112548828,8.368669509887695,153.682373046875
2023-07-31,57.028594970703125,35.120574951171875,121.5739517211914,32.06287384033203,35.31999969482422,161.57962036132812,44.630001068115234,12532.474609375,95.98926544189453,478.20001220703125,16.149999618530273,40.900001525878906,552.9075317382812,6.558657169342041,293.4249572753906,3.7230000495910645,358.85931396484375,33.8453483581543,8.593005180358887,157.46533203125
2023-08-01,56.717491149902344,34.835533142089844,119.71187591552734,32.25273132324219,35.779998779296875,159.0572509765625,44.90999984741211,12550.6376953125,95.09671783447266,470.6000061035156,16.469999313354492,40.43000030517578,548.9182739257812,6.556877136230469,290.3238220214844,3.740000009536743,364.94903564453125,33.862648010253906,8.758817672729492,154.4705047607422
2023-08-02,55.74427795410156,34.15315628051758,115.79171752929688,31.390443801879883,34.07500076293945,157.57350158691406,44.400001525878906,12287.2744140625,93.75789642333984,461.29998779296875,16.010000228881836,39.08000183105469,541.7376708984375,6.473248481750488,283.9739074707031,3.694999933242798,362.3391418457031,33.89723587036133,8.588128089904785,150.6875457763672
2023-08-03,55.345420837402344,34.3604621887207,116.13472747802734,31.422088623046875,34.66999816894531,160.9366455078125,44.7400016784668,11778.7099609375,93.63618469238281,458.79998779296875,16.059999465942383,38.52000045776367,539.3440551757812,6.423426151275635,284.2692565917969,3.7009999752044678,361.0342102050781,34.03559112548828,8.553990364074707,157.1500701904297
2023-08-04,56.17504119873047,34.84416961669922,117.16377258300781,31.691057205200195,34.95500183105469,161.3323211669922,45.119998931884766,12414.4150390625,95.21842956542969,467.0,16.184999465942383,38.88999938964844,543.7322998046875,6.304211139678955,290.0284729003906,3.7260000705718994,369.298828125,34.07018280029297,8.50522232055664,157.62295532226562
2023-08-07,55.496986389160156,34.45547866821289,115.39969635009766,31.809720993041992,34.689998626708984,160.68936157226562,43.77000045776367,12341.7626953125,95.13729095458984,461.1000061035156,16.100000381469727,38.58000183105469,557.694580078125,6.266844749450684,288.4040832519531,3.7909998893737793,361.9041748046875,33.17086410522461,8.651527404785156,153.682373046875
2023-08-08,55.449127197265625,33.86811828613281,112.75359344482422,31.36671257019043,33.849998474121094,158.11753845214844,43.290000915527344,11905.8505859375,91.24253845214844,448.1000061035156,15.720000267028809,37.7400016784668,551.3118286132812,6.362929344177246,282.05419921875,3.799999952316284,367.993896484375,33.13628005981445,8.671034812927246,148.9536895751953
2023-08-09,56.21142578125,33.85948181152344,113.34161376953125,31.643592834472656,33.790000915527344,153.61685180664062,43.02000045776367,12187.376953125,91.1613998413086,448.3999938964844,15.925000190734863,38.650001525878906,565.274169921875,6.325562953948975,282.20184326171875,3.930000066757202,361.9041748046875,32.513671875,8.778325080871582,148.9536895751953
2023-08-10,57.3895378112793,34.16179656982422,113.92963409423828,31.983762741088867,35.439998626708984,157.77133178710938,43.459999084472656,12396.251953125,92.09451293945312,452.29998779296875,15.649999618530273,37.599998474121094,585.6192016601562,6.2615065574646,289.7331237792969,3.984999895095825,364.94903564453125,32.49638366699219,8.680788040161133,150.52992248535156
2023-08-11,55.934226989746094,33.686729431152344,111.67554473876953,31.88883399963379,34.845001220703125,155.54571533203125,43.150001525878906,12169.2138671875,91.12083435058594,448.70001220703125,15.489999771118164,36.79999923706055,585.2202758789062,6.247271537780762,285.302978515625,3.9830000400543213,423.2364807128906,32.85956573486328,8.788079261779785,153.05189514160156
2023-08-14,55.57040023803711,33.34122085571289,110.25448608398438,31.667325973510742,35.0,155.54571533203125,43.33000183105469,11969.421875,89.09232330322266,448.1000061035156,14.899999618530273,36.02000045776367,581.2310791015625,6.167201519012451,285.8936767578125,4.039999961853027,433.676025390625,32.807682037353516,8.768570899963379,158.0170135498047
2023-08-16,55.31918716430664,32.07149124145508,106.92234802246094,30.805038452148438,34.154998779296875,148.4237518310547,43.22999954223633,11914.9326171875,86.94209289550781,427.79998779296875,14.329999923706055,34.59000015258789,580.4332275390625,6.11915922164917,277.91937255859375,4.126999855041504,424.54144287109375,32.0813102722168,8.602758407592773,156.8348388671875
2023-08-17,54.40095138549805,31.613697052001953,105.59929656982422,30.773395538330078,34.334999084472656,147.78079223632812,43.22999954223633,11760.546875,85.68441772460938,416.0,14.050000190734863,34.099998474121094,574.0504150390625,6.081792831420898,272.012451171875,4.190000057220459,429.7611999511719,32.49638366699219,8.641773223876953,154.62811279296875
2023-08-18,54.20170974731445,31.76053810119629,104.1782455444336,31.034452438354492,34.47999954223633,152.3309326171875,39.619998931884766,11760.546875,85.92784118652344,419.5,14.194999694824219,34.70000076293945,569.6622924804688,6.0782341957092285,273.4891662597656,4.197999954223633,420.1916198730469,32.530967712402344,8.856354713439941,153.2095184326172
2023-08-21,55.47511291503906,32.01102828979492,105.69730377197266,31.050273895263672,33.51499938964844,153.91360473632812,38.470001220703125,11642.486328125,86.6581039428711,420.20001220703125,14.675000190734863,35.349998474121094,576.2201538085938,6.152966499328613,277.91937255859375,4.267000198364258,412.36199951171875,29.694669723510742,8.87098503112793,157.62295532226562
2023-08-22,55.7089958190918,31.70871353149414,107.5103759765625,30.876232147216797,33.404998779296875,155.39735412597656,38.439998626708984,11569.8349609375,85.1164321899414,415.79998779296875,14.385000228881836,35.0099983215332,585.4012451171875,6.088910102844238,277.0333251953125,4.46999979019165,423.6714782714844,29.867616653442383,8.924630165100098,152.5790252685547
2023-08-23,55.579063415527344,31.976476669311523,110.00947570800781,31.232229232788086,33.32500076293945,158.06808471679688,37.29999923706055,11370.04296875,85.603271484375,409.0,14.180000305175781,34.599998474121094,560.0440063476562,6.103145122528076,279.54376220703125,4.584000110626221,418.45172119140625,29.660079956054688,9.036798477172852,148.7960662841797
2023-08-24,55.145931243896484,32.304710388183594,107.65737915039062,31.18475914001465,32.779998779296875,153.27064514160156,37.4900016784668,11805.9541015625,86.86095428466797,412.1000061035156,14.045000076293945,34.290000915527344,561.3556518554688,6.2597270011901855,279.1007385253906,4.400000095367432,417.1467590332031,28.656999588012695,8.856354713439941,150.52992248535156
2023-08-25,54.193050384521484,32.07149124145508,108.24540710449219,31.517019271850586,32.564998626708984,154.40818786621094,37.72999954223633,11506.2646484375,86.33354187011719,413.79998779296875,14.255000114440918,34.720001220703125,567.0391235351562,6.227698802947998,277.91937255859375,4.309999942779541,413.23193359375,29.27960205078125,8.388177871704102,146.58934020996094
2023-08-28,55.440460205078125,32.76250076293945,111.13652801513672,32.07078552246094,32.93000030517578,153.17173767089844,38.959999084472656,11933.0966796875,88.8488998413086,426.8999938964844,13.260000228881836,38.099998474121094,570.0994262695312,6.225919723510742,283.82623291015625,4.257999897003174,409.31707763671875,29.08936309814453,8.485713958740234,150.52992248535156
2023-08-29,55.024658203125,32.71931838989258,113.6356201171875,32.05495834350586,33.09000015258789,154.25979614257812,39.5,11851.361328125,88.32147979736328,432.0,13.350000381469727,37.689998626708984,578.8433227539062,6.281079292297363,282.20184326171875,4.2210001945495605,411.9269714355469,28.380287170410156,8.368669509887695,152.42138671875
2023-08-30,55.07663345336914,32.874794006347656,113.4886245727539,32.75902557373047,33.189998626708984,151.8858184814453,38.18000030517578,12396.251953125,89.01117706298828,438.3999938964844,13.444999694824219,37.369998931884766,569.6622924804688,6.361149787902832,283.23553466796875,4.289999961853027,410.1870422363281,28.518644332885742,8.407684326171875,152.1061553955078
2023-08-31,54.617515563964844,32.26152038574219,111.82254791259766,32.695743560791016,33.02000045776367,145.9508514404297,37.88999938964844,12605.126953125,87.55065155029297,429.0,13.5600004196167,36.209999084472656,561.3556518554688,6.364707946777344,274.3752136230469,4.281000137329102,391.4828796386719,28.63970375061035,8.568620681762695,154.15525817871094
2023-09-01,55.05930709838867,32.7020378112793,115.54670715332031,33.41563415527344,32.650001525878906,148.8194122314453,37.77000045776367,12814.0,88.52433013916016,428.0,13.795000076293945,37.02000045776367,570.0994262695312,6.371825695037842,280.2821350097656,4.107999801635742,388.0030212402344,28.5013484954834,8.149210929870605,151.79092407226562
2023-09-04,54.16706085205078,32.399723052978516,114.17464447021484,32.893516540527344,32.244998931884766,154.60601806640625,37.5,12423.49609375,86.73924255371094,418.29998779296875,13.770000457763672,37.20000076293945,577.5317993164062,6.346914768218994,272.7508239746094,3.990999937057495,388.0030212402344,28.259225845336914,7.8712310791015625,149.74179077148438
2023-09-05,53.52603530883789,32.106040954589844,112.45957946777344,32.73529815673828,31.155000686645508,151.8858184814453,37.58000183105469,12714.103515625,85.31928253173828,422.79998779296875,13.479999542236328,36.47999954223633,577.9689331054688,6.357590675354004,269.79736328125,3.940000057220459,391.04791259765625,28.241931915283203,7.700541973114014,148.1655731201172
2023-09-06,52.40856170654297,30.52535629272461,110.7445068359375,32.07185363769531,31.700000762939453,149.3634490966797,38.27000045776367,12714.103515625,81.22168731689453,408.5,14.59000015258789,35.9900016784668,567.0391235351562,6.3913984298706055,263.2998046875,3.690999984741211,372.7787170410156,27.688508987426758,7.188472747802734,146.58934020996094
2023-09-07,50.641395568847656,30.456254959106445,107.0693588256836,32.08025360107422,31.575000762939453,146.24758911132812,38.650001525878906,12169.2138671875,80.34536743164062,401.3999938964844,13.920000076293945,35.68000030517578,549.5513916015625,6.325562953948975,259.60797119140625,3.684000015258789,379.7384033203125,26.806488037109375,7.217733860015869,149.74179077148438
2023-09-08,50.78866195678711,30.37851905822754,108.09840393066406,32.8780632019043,31.795000076293945,152.4298553466797,38.380001068115234,12214.623046875,81.09186553955078,398.70001220703125,13.414999961853027,37.2599983215332,556.5465087890625,6.3913984298706055,262.118408203125,3.7890000343322754,363.2091064453125,27.896039962768555,7.32014799118042,154.4705047607422
2023-09-11,50.65871810913086,30.352602005004883,109.66646575927734,32.32379913330078,31.524999618530273,154.55654907226562,38.22999954223633,12205.5400390625,80.9133529663086,399.70001220703125,13.079999923706055,37.9900016784668,557.4208984375,6.403853893280029,264.9241943359375,3.8510000705718994,355.37945556640625,27.152376174926758,7.329901218414307,153.2095184326172
2023-09-12,51.29108810424805,30.456254959106445,110.35249328613281,33.222381591796875,31.600000381469727,155.00167846679688,37.7400016784668,12032.9912109375,81.4245376586914,400.8999938964844,12.675000190734863,38.0099983215332,570.973876953125,6.405632972717285,264.6288757324219,3.7699999809265137,361.0342102050781,27.965219497680664,7.2957634925842285,148.1655731201172
2023-09-13,51.204463958740234,30.5167236328125,109.12744140625,34.05377960205078,31.575000762939453,154.21034240722656,37.20000076293945,11833.1982421875,81.4245376586914,407.1000061035156,13.100000381469727,39.29999923706055,552.6117553710938,6.5248494148254395,263.8904724121094,3.8380000591278076,364.07904052734375,27.809568405151367,7.310393810272217,152.89427185058594
2023-09-14,51.81950378417969,30.672195434570312,113.97864532470703,34.8179931640625,31.895000457763672,153.9630584716797,37.5,11824.1181640625,82.88507080078125,404.6000061035156,13.100000381469727,42.119998931884766,540.8075561523438,6.565774440765381,263.44744873046875,3.880000114440918,369.298828125,27.480974197387695,7.393300533294678,152.89427185058594
2023-09-15,52.30461120605469,30.6981143951416,114.46866607666016,34.80119705200195,32.0,152.57821655273438,38.290000915527344,11805.9541015625,82.51992797851562,407.79998779296875,13.524999618530273,43.25,545.1795043945312,6.745487689971924,261.084716796875,3.8359999656677246,369.7337951660156,27.394500732421875,7.407930850982666,151.79092407226562
2023-09-18,51.72421646118164,29.963911056518555,110.25448608398438,34.146156311035156,31.045000076293945,151.63851928710938,38.869998931884766,11769.62890625,80.16686248779297,397.6000061035156,13.234999656677246,43.349998474121094,566.6019287109375,6.656520366668701,255.47315979003906,3.75,372.3437194824219,27.34261703491211,7.305517196655273,150.52992248535156
2023-09-19,50.94458770751953,30.352602005004883,109.37245178222656,34.11256408691406,30.549999237060547,146.7916259765625,37.0,11733.3017578125,82.19537353515625,394.20001220703125,12.949999809265137,44.34000015258789,564.416015625,6.740149974822998,258.5743103027344,3.7720000743865967,378.8684387207031,27.844158172607422,7.1689653396606445,151.94854736328125
2023-09-20,51.34306335449219,30.775850296020508,112.85159301757812,34.5744514465332,30.739999771118164,151.34178161621094,37.630001068115234,12051.154296875,84.26445770263672,400.6000061035156,13.210000038146973,45.630001068115234,596.7682495117188,6.896731853485107,274.8182373046875,3.8389999866485596,385.3931579589844,28.3975830078125,7.344532012939453,150.52992248535156
2023-09-21,51.628929138183594,30.47353172302246,109.47045135498047,34.46528244018555,29.895000457763672,146.98947143554688,37.310001373291016,11887.6884765625,81.95195007324219,396.29998779296875,13.005000114440918,44.5,581.9036865234375,6.85046911239624,266.4009094238281,3.75,383.21826171875,27.792272567749023,7.412807941436768,146.11647033691406
2023-09-22,52.66843795776367,29.87753677368164,109.2254409790039,34.641639709472656,29.825000762939453,147.08837890625,37.380001068115234,12523.3935546875,80.45896911621094,390.20001220703125,12.9399995803833,44.810001373291016,570.0994262695312,6.85758638381958,261.3800354003906,3.6689999103546143,377.5635070800781,27.61932945251465,7.188472747802734,144.69786071777344
2023-09-25,51.94944763183594,29.272899627685547,106.04031372070312,34.34770584106445,28.889999389648438,147.78079223632812,37.540000915527344,12677.779296875,79.14448547363281,381.1000061035156,12.729999542236328,42.68000030517578,569.6622924804688,6.7703986167907715,257.2452392578125,3.5989999771118164,374.0836486816406,26.892959594726562,7.008029460906982,144.22500610351562
2023-09-26,51.34306335449219,30.03301239013672,107.1673583984375,34.93556594848633,29.30500030517578,139.5707550048828,36.13999938964844,12586.962890625,80.86466979980469,388.3999938964844,12.395000457763672,42.70000076293945,566.6019287109375,6.752604961395264,261.3800354003906,3.6640000343322754,365.8190002441406,26.806488037109375,7.105566501617432,146.2740936279297
2023-09-27,50.485469818115234,29.376554489135742,106.38333129882812,34.30571365356445,30.149999618530273,133.536865234375,36.02000045776367,11914.9326171875,79.3716812133789,381.6000061035156,12.34000015258789,43.95000076293945,565.7275390625,6.693886756896973,257.9835510253906,3.627000093460083,372.7787170410156,26.028234481811523,7.110443115234375,140.284423828125
2023-09-28,50.41617202758789,29.333364486694336,109.17644500732422,34.17974853515625,31.854999542236328,122.35932922363281,34.779998779296875,11606.1611328125,79.56641387939453,382.6000061035156,11.779999732971191,44.38999938964844,563.5415649414062,6.636948108673096,258.2789306640625,3.5320000648498535,375.82354736328125,26.16659164428711,6.973891735076904,140.12681579589844
2023-09-29,50.849300384521484,29.98982810974121,109.71546173095703,34.74241256713867,32.23500061035156,123.84307098388672,35.5,11805.9541015625,81.911376953125,395.29998779296875,12.085000038146973,44.02000045776367,576.6574096679688,6.645844459533691,265.81024169921875,3.5929999351501465,377.99847412109375,26.54707145690918,7.120197296142578,141.86065673828125
2023-10-02,50.01769256591797,29.160612106323242,106.62834167480469,33.65907287597656,32.70000076293945,119.49076080322266,34.4900016784668,11351.87890625,80.28045654296875,385.1000061035156,11.649999618530273,42.83000183105469,555.672119140625,6.551539421081543,258.86962890625,3.5160000324249268,377.5635070800781,26.253063201904297,6.871478080749512,136.34385681152344
2023-10-03,50.10431671142578,29.264266967773438,105.1092758178711,33.827030181884766,31.584999084472656,127.70081329345703,34.369998931884766,11279.2275390625,79.68001556396484,378.20001220703125,11.420000076293945,42.400001525878906,551.7373657226562,6.59068489074707,257.6882629394531,3.3429999351501465,371.90875244140625,26.11470603942871,6.67152738571167,138.70819091796875
2023-10-04,49.593223571777344,29.860261917114258,104.61925506591797,34.06217575073242,31.71500015258789,125.17845153808594,34.58000183105469,11143.0048828125,81.95195007324219,395.70001220703125,11.84000015258789,43.849998474121094,550.42578125,6.740149974822998,266.25323486328125,3.3340001106262207,384.9581604003906,26.771896362304688,6.598374366760254,141.38778686523438
2023-10-05,48.571041107177734,30.050289154052734,102.90419006347656,34.095767974853516,31.024999618530273,117.46298217773438,34.88999938964844,10897.802734375,83.25019836425781,396.5,11.600000381469727,43.9900016784668,543.8678588867188,6.713459491729736,267.1392517089844,3.302999973297119,354.5094909667969,25.820701599121094,6.549605846405029,140.284423828125
2023-10-06,47.29764175415039,31.354570388793945,105.25628662109375,34.55765914916992,28.75,106.43382263183594,35.08000183105469,11079.43359375,85.88726806640625,418.0,11.430000305175781,40.58000183105469,550.8629760742188,6.654741287231445,274.96588134765625,3.234999895095825,352.7695617675781,25.99364471435547,6.25699520111084,141.38778686523438
2023-10-09,50.32954025268555,31.7000732421875,105.74630737304688,34.76760482788086,28.2450008392334,108.3626937866211,35.90999984741211,11397.2880859375,88.19976806640625,434.3999938964844,11.505000114440918,42.15999984741211,556.5465087890625,6.841572284698486,278.5100402832031,3.312999963760376,391.04791259765625,25.61316680908203,6.378916263580322,147.37745666503906
2023-10-10,52.56448745727539,33.16847229003906,107.8533935546875,35.15391540527344,28.854999542236328,111.08289337158203,36.59000015258789,11633.404296875,90.02543640136719,440.0,12.180000305175781,43.95000076293945,559.6068725585938,6.805985450744629,286.0413513183594,3.5290000438690186,394.0927429199219,26.70271873474121,6.861723899841309,148.9536895751953
2023-10-11,52.53849792480469,33.937217712402344,108.58842468261719,35.98530960083008,28.610000610351562,108.51106262207031,35.959999084472656,11469.9384765625,90.9991226196289,447.29998779296875,12.4399995803833,43.61000061035156,563.1043701171875,6.807764530181885,289.7331237792969,3.5999999046325684,401.4874572753906,27.238849639892578,7.071428298950195,150.52992248535156
2023-10-12,52.443214416503906,33.57443618774414,107.5103759765625,35.716575622558594,28.424999237060547,104.40604400634766,34.5,11451.7744140625,91.4859619140625,445.6000061035156,12.289999961853027,43.70000076293945,557.8580322265625,6.638727188110352,285.4506530761719,3.640000104904175,402.7923889160156,27.44638442993164,7.0421671867370605,151.00279235839844
2023-10-13,53.8465461730957,33.38441467285156,106.97135925292969,35.640995025634766,28.395000457763672,104.75225067138672,35.86000061035156,10970.4560546875,90.71512603759766,451.3999938964844,12.630000114440918,44.08000183105469,569.6622924804688,6.747267246246338,289.2901306152344,3.7090001106262207,420.6265869140625,27.774978637695312,7.203103542327881,152.42138671875
2023-10-16,58.43770980834961,37.14177703857422,110.25448608398438,37.79087448120117,27.8700008392334,100.5483169555664,36.599998474121094,11215.65625,102.7645034790039,490.0,12.390000343322754,44.650001525878906,557.4208984375,6.5871262550354,311.7363586425781,3.622999906539917,433.2410583496094,27.844158172607422,6.983644962310791,162.74569702148438
2023-10-17,57.606101989746094,37.228153228759766,109.66646575927734,39.47886657714844,28.875,104.20820617675781,38.349998474121094,11624.3232421875,103.7381820678711,505.0,12.890000343322754,44.20000076293945,585.8384399414062,6.617375373840332,317.6432189941406,3.7990000247955322,441.0707092285156,28.484052658081055,7.383546829223633,165.5041046142578
2023-10-18,57.56278991699219,36.122535705566406,111.03852081298828,38.69786071777344,28.899999618530273,103.26850891113281,38.630001068115234,11660.650390625,100.49256134033203,500.6000061035156,12.845000267028809,45.79999923706055,582.3408813476562,6.567553520202637,310.1119384765625,3.818000078201294,423.2364807128906,28.259225845336914,7.388423442840576,166.686279296875
2023-10-19,57.164310455322266,35.02555847167969,108.00039672851562,37.547332763671875,28.530000686645508,104.0103759765625,37.5,11778.7099609375,96.51667785644531,491.29998779296875,12.800000190734863,45.0,585.8384399414062,6.59068489074707,304.0573425292969,3.5769999027252197,415.4068298339844,27.965219497680664,6.92512321472168,162.3516387939453
2023-10-20,56.66188430786133,34.5332145690918,105.79530334472656,37.2869987487793,28.700000762939453,103.46633911132812,37.79999923706055,11624.3232421875,94.52873229980469,479.3999938964844,12.899999618530273,44.099998474121094,578.8433227539062,6.649403095245361,300.2178649902344,3.640000104904175,404.0973205566406,27.61932945251465,6.915369510650635,159.59324645996094
2023-10-23,56.35868835449219,34.79234313964844,103.4922103881836,37.589324951171875,28.229999542236328,102.32880401611328,37.400001525878906,11124.841796875,96.47610473632812,480.20001220703125,13.03499984741211,43.54999923706055,583.6524658203125,6.523069858551025,299.0365295410156,3.693000078201294,401.92242431640625,27.671213150024414,6.778817653656006,161.5635223388672
2023-10-24,56.83513641357422,35.51790237426758,105.25628662109375,38.95819091796875,29.149999618530273,102.52664184570312,37.38999938964844,11506.2646484375,100.20857238769531,500.0,13.0,43.459999084472656,593.7078857421875,6.549759864807129,302.13763427734375,3.7209999561309814,406.7072448730469,28.3975830078125,6.788571357727051,163.92787170410156
2023-10-25,57.06036376953125,36.30392837524414,108.58842468261719,39.604835510253906,28.770000457763672,104.45549774169922,38.0099983215332,11515.3447265625,102.60221099853516,519.7999877929688,13.239999771118164,43.52000045776367,605.9492797851562,6.823779106140137,317.3478698730469,3.874000072479248,412.7969665527344,28.432172775268555,7.066551685333252,163.92787170410156
2023-10-26,57.25960159301758,36.83946228027344,109.66646575927734,39.781192779541016,29.0,105.39520263671875,39.83000183105469,11560.7529296875,103.53533172607422,519.0,13.1899995803833,45.459999084472656,617.7534790039062,6.859365463256836,323.99310302734375,3.7720000743865967,402.357421875,28.380287170410156,7.051921367645264,165.11004638671875
2023-10-27,57.06902313232422,36.295291900634766,109.12744140625,39.310909271240234,28.959999084472656,105.5435791015625,39.540000915527344,11633.404296875,101.95309448242188,505.20001220703125,12.960000038146973,45.09000015258789,612.9443969726562,6.695666313171387,324.7314758300781,3.750999927520752,398.8775329589844,27.792272567749023,7.022659778594971,161.5635223388672
2023-10-30,56.82646942138672,36.90856170654297,109.37245178222656,39.42848205566406,29.71500015258789,103.86199951171875,39.02000045776367,12114.7255859375,103.85989379882812,521.7999877929688,12.979999542236328,46.9900016784668,618.6278686523438,6.816661834716797,335.21624755859375,3.7239999771118164,406.7072448730469,28.829944610595703,6.993399143218994,168.2624969482422
2023-10-31,57.606101989746094,37.59093475341797,110.00947570800781,39.98274612426758,30.149999618530273,103.86199951171875,39.849998474121094,12314.5185546875,103.61647033691406,519.7999877929688,13.114999771118164,49.939998626708984,620.8138427734375,6.942994594573975,336.9883117675781,3.6989998817443848,408.8821105957031,28.29381561279297,7.115320205688477,172.2030792236328
2023-11-02,57.06902313232422,37.349082946777344,110.94051361083984,39.604835510253906,30.790000915527344,107.17568969726562,39.599998474121094,12487.0673828125,104.67130279541016,523.5999755859375,13.414999961853027,50.060001373291016,635.6784057617188,7.087121963500977,341.41845703125,3.809999942779541,414.1018981933594,29.417959213256836,7.2518720626831055,173.38523864746094
2023-11-03,56.79181671142578,37.599571228027344,111.5285415649414,39.5208625793457,31.295000076293945,108.80781555175781,42.349998474121094,12623.2890625,104.06275177001953,528.4000244140625,13.800000190734863,49.5099983215332,644.4223022460938,7.154736042022705,339.3510437011719,3.950000047683716,414.9718322753906,29.6773738861084,7.407930850982666,182.05450439453125
2023-11-06,57.302913665771484,37.6600341796875,111.23452758789062,39.579647064208984,31.200000762939453,108.41214752197266,43.38999938964844,12677.779296875,103.98160552978516,527.7999877929688,13.824999809265137,50.79999923706055,646.6082153320312,7.13160514831543,339.3510437011719,3.9189999103546143,414.1018981933594,30.196210861206055,7.49571418762207,187.17726135253906
2023-11-07,56.393341064453125,37.2972526550293,106.82434844970703,39.462074279785156,31.155000686645508,108.313232421875,43.349998474121094,12305.4365234375,103.4542007446289,532.0,13.680000305175781,50.18000030517578,647.9197998046875,7.136943340301514,339.3510437011719,3.8299999237060547,411.0570068359375,30.81881332397461,7.354285717010498,180.87232971191406
2023-11-08,55.2672119140625,36.58897018432617,105.35428619384766,39.33610534667969,30.860000610351562,107.0767822265625,43.439998626708984,12214.623046875,101.99365997314453,522.7999877929688,13.515000343322754,47.86000061035156,626.0601806640625,6.976802349090576,338.02197265625,3.7829999923706055,412.36199951171875,29.988676071166992,7.2518720626831055,184.41885375976562
2023-11-09,54.790767669677734,37.90188980102539,107.31436920166016,39.781192779541016,30.969999313354492,108.80781555175781,43.0,12841.2451171875,106.17240905761719,534.7999877929688,12.270000457763672,48.95000076293945,630.8692626953125,7.00705099105835,350.2787780761719,3.7739999294281006,414.536865234375,30.317272186279297,6.964137554168701,189.1475372314453
2023-11-10,53.8465461730957,37.83278274536133,103.78622436523438,38.42072296142578,30.885000228881836,108.0164794921875,43.439998626708984,12668.697265625,105.0770034790039,523.4000244140625,11.800000190734863,47.459999084472656,616.44189453125,7.017727375030518,343.92889404296875,3.6619999408721924,413.23193359375,30.24809455871582,6.749556541442871,187.57131958007812
2023-11-13,53.578006744384766,37.78096389770508,103.98223114013672,38.26116180419922,30.375,106.5327377319336,43.939998626708984,12468.9033203125,105.27985382080078,528.7999877929688,11.4399995803833,47.31999969482422,616.0047607421875,7.063990116119385,346.2916564941406,3.5759999752044678,414.9718322753906,29.435253143310547,6.564236640930176,180.084228515625
2023-11-14,55.674346923828125,40.28586959838867,110.15648651123047,39.85677719116211,31.774999618530273,112.8633804321289,44.77000045776367,13431.5419921875,111.77110290527344,553.0,12.505000114440918,50.439998626708984,625.6229858398438,7.234807014465332,363.8646545410156,3.677999973297119,451.51025390625,30.36915397644043,6.822709083557129,187.57131958007812
2023-11-15,54.773441314697266,39.733062744140625,112.21456909179688,39.34450149536133,32.53499984741211,112.76445770263672,43.849998474121094,13522.359375,110.3105697631836,538.4000244140625,12.800000190734863,49.709999084472656,625.6229858398438,7.160074710845947,352.9368896484375,3.5910000801086426,460.2098388671875,29.79843521118164,6.739802837371826,181.66046142578125
2023-11-16,54.227699279785156,40.53636169433594,112.65558624267578,39.0589714050293,29.514999389648438,111.37963104248047,44.08000183105469,13812.966796875,111.24369812011719,552.2000122070312,12.359999656677246,49.779998779296875,648.3569946289062,7.096017837524414,356.6286926269531,3.700000047683716,469.7794494628906,29.417959213256836,6.84709358215332,187.57131958007812
2023-11-17,53.933170318603516,41.184181213378906,113.43962097167969,39.462074279785156,29.200000762939453,111.92366790771484,44.15999984741211,13849.29296875,112.58250427246094,559.0,12.364999771118164,49.77000045776367,651.4173583984375,7.0141682624816895,360.9112243652344,3.678999900817871,473.25927734375,29.711965560913086,6.934876918792725,188.3594207763672
2023-11-20,55.35383605957031,41.46058654785156,116.62474822998047,39.462074279785156,29.549999237060547,112.6160888671875,44.209999084472656,13513.27734375,113.10991668701172,567.0,13.039999961853027,50.900001525878906,649.6685791015625,7.031961917877197,363.27398681640625,3.765000104904175,466.2995910644531,30.317272186279297,7.037290573120117,191.5118865966797
2023-11-21,55.4837760925293,40.97687911987305,116.28173828125,39.29411315917969,29.799999237060547,111.97312927246094,44.29999923706055,13231.75,112.74478149414062,564.2000122070312,12.930000305175781,49.970001220703125,648.3569946289062,6.99993371963501,365.1937255859375,3.755000114440918,480.2190246582031,30.196210861206055,7.120197296142578,190.32972717285156
2023-11-22,54.582862854003906,40.69184112548828,115.00768280029297,39.260520935058594,30.125,112.6160888671875,44.65999984741211,13722.1513671875,113.0287857055664,569.0,12.729999542236328,47.81999969482422,651.4173583984375,7.096017837524414,362.09259033203125,3.7109999656677246,489.7886047363281,30.26538848876953,7.032413959503174,193.08811950683594
2023-11-23,54.63484191894531,40.372249603271484,113.68463134765625,39.646827697753906,29.940000534057617,109.20347595214844,44.189998626708984,13486.0322265625,111.97395324707031,565.2000122070312,12.635000228881836,42.0,643.5478515625,7.023065090179443,360.9112243652344,3.7290000915527344,490.6585388183594,29.625490188598633,7.120197296142578,193.08811950683594
2023-11-24,55.61370849609375,40.18222427368164,113.97864532470703,39.15974807739258,29.639999389648438,110.7366714477539,44.209999084472656,13622.255859375,111.73052978515625,555.2000122070312,12.609999656677246,41.099998474121094,644.4223022460938,6.976802349090576,361.7972412109375,3.940000057220459,488.0486755371094,29.763845443725586,7.632265567779541,193.08811950683594
2023-11-27,55.32784652709961,39.724430084228516,112.65558624267578,38.01762008666992,29.25,108.41214752197266,44.040000915527344,13567.7666015625,110.71627044677734,542.5999755859375,12.399999618530273,41.20000076293945,640.487548828125,7.040858745574951,357.8100891113281,4.146999835968018,482.828857421875,29.48713493347168,8.178473472595215,192.29998779296875
2023-11-28,56.055503845214844,40.51908493041992,115.05668640136719,38.76504135131836,29.059999465942383,106.78002166748047,44.400001525878906,13595.0107421875,112.66365051269531,560.4000244140625,12.515000343322754,40.84000015258789,646.1710815429688,7.094239234924316,365.0460510253906,4.230000019073486,482.828857421875,29.48713493347168,8.446699142456055,197.0286865234375
2023-11-29,51.628929138183594,41.24464797973633,114.90967559814453,38.41232681274414,28.989999771118164,103.07067108154297,45.0,13258.994140625,113.71846771240234,563.2000122070312,12.25,42.0,645.2966918945312,7.136943340301514,372.5035095214844,4.179999828338623,480.2190246582031,29.314191818237305,8.358916282653809,191.5118865966797
2023-11-30,51.14382553100586,41.05461883544922,112.99860382080078,38.29475402832031,28.940000534057617,107.67027282714844,44.58000183105469,13513.27734375,114.04303741455078,564.2000122070312,12.829999923706055,39.540000915527344,632.6180419921875,7.144060134887695,366.818115234375,4.119999885559082,482.828857421875,28.812650680541992,8.378423690795898,190.7237548828125
2023-12-01,52.49518585205078,42.799415588378906,118.97684478759766,39.25212478637695,29.5,109.7969741821289,45.650001525878906,14158.064453125,119.92573547363281,573.7999877929688,12.899999618530273,41.720001220703125,650.54296875,7.183206558227539,376.1953125,4.309999942779541,484.56878662109375,29.521724700927734,8.778325080871582,196.24058532714844
2023-12-04,51.93212127685547,42.58347702026367,117.80078887939453,39.537654876708984,29.420000076293945,105.5435791015625,46.47999954223633,14167.14453125,118.4651870727539,571.2000122070312,13.375,41.0,651.4173583984375,7.305980205535889,376.5644836425781,4.367000102996826,486.3087158203125,30.09244155883789,8.895369529724121,196.24058532714844
2023-12-05,52.26129913330078,42.58347702026367,116.42874145507812,40.23468780517578,30.299999237060547,106.58219909667969,46.599998474121094,14802.849609375,119.15489196777344,570.0,13.28499984741211,41.20000076293945,641.799072265625,7.311318874359131,378.7795715332031,4.360000133514404,488.0486755371094,30.09244155883789,8.97339916229248,201.3633270263672
2023-12-06,53.1102294921875,42.69576644897461,117.01676177978516,41.06608581542969,30.315000534057617,107.3240737915039,46.849998474121094,14811.931640625,118.830322265625,560.2000122070312,13.354999542236328,42.029998779296875,645.2966918945312,7.298863410949707,374.71856689453125,4.244999885559082,495.8782958984375,29.660079956054688,9.051427841186523,208.0623016357422
2023-12-07,52.54716110229492,42.55756759643555,114.90967559814453,40.25988006591797,30.03499984741211,107.0767822265625,45.599998474121094,14639.3837890625,119.52002716064453,555.7999877929688,13.270000457763672,42.650001525878906,627.8088989257812,7.304201602935791,375.4569396972656,4.138999938964844,487.1786804199219,29.45254898071289,9.15384292602539,207.274169921875
2023-12-08,53.71660614013672,42.7907829284668,115.595703125,40.44463348388672,30.225000381469727,110.93450927734375,45.43000030517578,14766.525390625,119.7634506225586,560.0,13.140000343322754,44.90999984741211,633.9296264648438,7.304201602935791,376.93365478515625,4.179999828338623,501.0981140136719,30.35186004638672,9.144088745117188,208.8504180908203
2023-12-11,54.894718170166016,42.76486587524414,116.08572387695312,39.806392669677734,30.139999389648438,112.6160888671875,46.11000061035156,14857.3388671875,119.11431884765625,554.0,13.289999961853027,44.720001220703125,639.1759643554688,7.321994304656982,379.5179443359375,4.072000026702881,504.57794189453125,30.784221649169922,9.07093620300293,214.7612762451172
2023-12-12,54.27101516723633,42.523014068603516,113.34161376953125,39.67202377319336,29.920000076293945,112.07205200195312,45.720001220703125,14884.583984375,118.50577545166016,544.2000122070312,13.055000305175781,43.58000183105469,627.8088989257812,7.3308916091918945,375.8261413574219,3.946000099182129,511.5375671386719,30.52480697631836,9.007536888122559,207.66824340820312
2023-12-13,54.05445098876953,42.669857025146484,113.29261016845703,39.27731704711914,30.93000030517578,111.62692260742188,45.09000015258789,15193.3544921875,119.7228775024414,542.0,12.600000381469727,42.619998931884766,633.0552978515625,7.295304298400879,379.1487731933594,3.9100000858306885,506.31787109375,30.83610725402832,8.7344331741333,209.24447631835938
2023-12-14,53.872535705566406,42.75623321533203,119.07484436035156,39.47886657714844,32.20000076293945,112.76445770263672,45.70000076293945,14439.58984375,120.8182601928711,538.0,12.694999694824219,43.880001068115234,643.5478515625,7.3308916091918945,381.7330017089844,4.085999965667725,515.0174560546875,31.631656646728516,8.914876937866211,208.4563446044922
2023-12-15,53.91584777832031,42.41936492919922,120.83892059326172,40.10871505737305,34.27000045776367,113.16012573242188,45.84000015258789,14512.2421875,118.58689880371094,530.4000244140625,12.824999809265137,44.529998779296875,645.7338256835938,7.295304298400879,371.39593505859375,3.8980000019073486,519.3673095703125,31.85648536682129,8.588128089904785,203.72767639160156
2023-12-18,54.5655403137207,43.53361892700195,121.72095489501953,39.24372482299805,33.84000015258789,114.05037689208984,45.9900016784668,14630.3017578125,121.75138092041016,538.5999755859375,12.744999885559082,43.52000045776367,647.04541015625,7.288187503814697,376.93365478515625,3.8889999389648438,530.6768188476562,31.8218936920166,8.753941535949707,208.0623016357422
2023-12-19,54.69548034667969,43.861846923828125,123.5830307006836,39.56284713745117,33.665000915527344,115.23736572265625,46.369998931884766,15011.7255859375,122.4005126953125,550.7999877929688,12.960000038146973,43.630001068115234,654.9148559570312,7.291746139526367,371.39593505859375,3.927999973297119,535.026611328125,32.54826354980469,8.768570899963379,212.00286865234375
2023-12-20,54.3316535949707,43.58544158935547,121.47594451904297,40.03313446044922,33.560001373291016,114.74278259277344,45.900001525878906,15120.7021484375,121.30510711669922,546.0,12.949999809265137,42.0,656.2265014648438,7.295304298400879,377.3028564453125,3.9800000190734863,536.7665405273438,33.291927337646484,9.03192138671875,208.8504180908203
2023-12-21,55.61370849609375,43.44723892211914,121.42694091796875,40.25148010253906,33.040000915527344,114.74278259277344,46.060001373291016,15138.8662109375,122.80622100830078,549.4000244140625,12.670000076293945,41.84000015258789,661.0355834960938,7.297083854675293,377.4962463378906,3.930000066757202,543.7261962890625,33.568641662597656,8.983152389526367,206.09201049804688
2023-12-22,55.83893966674805,43.44723892211914,121.32894134521484,40.07512283325195,33.0,115.23736572265625,45.70000076293945,15038.9697265625,122.8467788696289,548.0,12.475000381469727,41.7599983215332,660.1611938476562,7.295304298400879,381.3640441894531,3.9100000858306885,541.1163330078125,33.2573356628418,9.01241397857666,205.69793701171875
2023-12-27,56.696533203125,44.31100082397461,123.09300994873047,40.167503356933594,33.400001525878906,113.75362396240234,46.20000076293945,15075.294921875,124.3478775024414,554.0,12.710000038146973,42.33000183105469,659.7239990234375,7.346905708312988,383.8394470214844,3.890000104904175,548.0760498046875,33.222747802734375,8.99290657043457,207.274169921875
2023-12-28,57.26826477050781,43.6890983581543,122.21097564697266,39.814788818359375,33.47999954223633,114.44603729248047,46.130001068115234,14721.1162109375,123.98275756835938,546.0,12.479999542236328,42.47999954223633,656.2265014648438,7.257938385009766,378.1150817871094,3.816999912261963,552.4258422851562,33.222747802734375,8.9295072555542,203.33360290527344
2023-12-29,56.739845275878906,43.464515686035156,120.25089263916016,39.69721603393555,33.32500076293945,113.75362396240234,46.06999969482422,14702.9541015625,123.37419891357422,535.0,12.329999923706055,42.029998779296875,651.4173583984375,7.24192476272583,378.88861083984375,3.7339999675750732,544.59619140625,32.70391082763672,8.944137573242188,201.75738525390625
2024-01-02,56.739845275878906,42.86852264404297,117.75179290771484,39.764400482177734,31.309999465942383,110.68722534179688,45.77000045776367,14267.0419921875,120.8994140625,525.0,12.305000305175781,41.290000915527344,632.180908203125,7.289967060089111,374.86614990234375,3.7119998931884766,553.2958374023438,33.17086410522461,8.7295560836792,199.39303588867188
2024-01-03,56.0035285949707,43.222660064697266,114.86067199707031,39.8903694152832,30.334999084472656,110.43993377685547,45.630001068115234,14103.57421875,121.91366577148438,527.7999877929688,12.140000343322754,40.86000061035156,637.8643798828125,7.375375270843506,374.2472839355469,3.627000093460083,537.636474609375,31.9256591796875,8.656403541564941,202.93955993652344
2024-01-04,55.743648529052734,42.96353530883789,113.92963409423828,39.680419921875,30.0,111.0334243774414,45.34000015258789,14003.677734375,121.54854583740234,527.0,11.824999809265137,40.79999923706055,622.9998168945312,7.391388416290283,374.2472839355469,3.694999933242798,553.2958374023438,32.288848876953125,8.573497772216797,203.33360290527344
2024-01-05,55.7089958190918,42.96353530883789,113.5376205444336,39.74760437011719,29.93000030517578,109.89588928222656,45.150001525878906,13703.9873046875,119.68231201171875,525.5999755859375,11.920000076293945,40.779998779296875,619.0650634765625,7.419858932495117,375.0208435058594,3.688999891281128,555.0357055664062,32.807682037353516,8.539360046386719,195.4524688720703
2024-01-08,54.66082763671875,43.37813949584961,112.65558624267578,39.91556167602539,29.895000457763672,109.05510711669922,45.06999969482422,13622.255859375,122.15708923339844,537.0,11.9350004196167,40.13999938964844,633.0552978515625,7.442990303039551,377.4962463378906,3.6989998817443848,564.6053466796875,33.91453170776367,8.573497772216797,197.8168182373047
2024-01-09,54.69548034667969,43.70637130737305,112.21456909179688,39.554447174072266,30.4950008392334,110.24209594726562,45.099998474121094,13985.5146484375,122.6033706665039,531.2000122070312,11.885000228881836,40.15999984741211,632.6180419921875,7.416300296783447,374.2472839355469,3.7090001106262207,582.0045166015625,34.104766845703125,8.602758407592773,202.5454864501953
2024-01-10,54.193050384521484,42.77350997924805,110.20548248291016,38.84062194824219,31.450000762939453,109.99480438232422,45.9900016784668,14403.2626953125,119.68231201171875,531.2000122070312,11.800000190734863,39.33000183105469,623.8742065429688,7.382493019104004,369.9153747558594,3.7079999446868896,548.0760498046875,33.291927337646484,8.778325080871582,205.69793701171875
2024-01-11,53.53469467163086,41.84927749633789,108.63742065429688,38.67266082763672,31.405000686645508,106.43382263183594,46.380001068115234,14530.4052734375,117.57264709472656,514.4000244140625,11.614999771118164,39.27000045776367,621.688232421875,7.430534839630127,362.953369140625,3.5989999771118164,530.6768188476562,33.32651901245117,8.558866500854492,203.33360290527344
2024-01-12,53.404754638671875,42.669857025146484,108.83343505859375,39.12615203857422,32.400001525878906,106.8294906616211,40.91999816894531,14584.8955078125,119.96630096435547,526.5999755859375,11.609999656677246,40.349998474121094,611.6327514648438,7.5799994468688965,365.4287109375,3.617000102996826,530.6768188476562,33.48217010498047,8.456453323364258,203.33360290527344
2024-01-15,52.703086853027344,42.23797607421875,106.97135925292969,38.731449127197266,31.100000381469727,105.49412536621094,41.4900016784668,14076.330078125,117.53207397460938,512.7999877929688,11.430000305175781,39.15999984741211,603.3261108398438,7.61024808883667,360.01385498046875,3.5829999446868896,538.5064697265625,33.55134201049805,8.251626014709473,195.8465118408203
2024-01-16,52.46053695678711,42.065223693847656,108.09840393066406,38.89101028442383,30.885000228881836,103.86199951171875,41.9900016784668,13967.3525390625,116.84239196777344,510.20001220703125,11.295000076293945,39.5099983215332,598.5169677734375,7.58889627456665,357.22900390625,3.565000057220459,535.026611328125,34.00100326538086,8.217488288879395,197.0286865234375
2024-01-17,50.76266860961914,41.978843688964844,103.78622436523438,38.66426467895508,30.19499969482422,98.91619110107422,40.810001373291016,13767.55859375,116.1526870727539,493.20001220703125,10.925000190734863,37.619998931884766,581.9036865234375,7.5817790031433105,353.9800720214844,3.4079999923706055,534.1566162109375,33.222747802734375,7.744433403015137,194.6643524169922
2024-01-18,51.10917282104492,42.75623321533203,103.88423156738281,38.87421798706055,30.59000015258789,98.81727600097656,41.13999938964844,13722.1513671875,118.66804504394531,493.70001220703125,11.024999618530273,37.79999923706055,596.7682495117188,7.448328018188477,357.8478698730469,3.5,544.59619140625,33.7934684753418,8.22236442565918,194.6643524169922
2024-01-19,51.92345428466797,42.998085021972656,104.96227264404297,39.00018310546875,31.510000228881836,98.12486267089844,41.41999816894531,13812.966796875,116.76123809814453,499.29998779296875,10.970000267028809,37.9900016784668,590.2103271484375,7.499929428100586,360.3232421875,3.5959999561309814,558.5155029296875,33.62052536010742,8.612512588500977,197.8168182373047
2024-01-22,51.984092712402344,43.14492416381836,103.63922119140625,39.30250930786133,30.225000381469727,100.44939422607422,41.0,13858.373046875,120.08800506591797,502.0,11.074999809265137,38.20000076293945,592.83349609375,7.587116718292236,358.6214294433594,3.5969998836517334,568.0851440429688,33.568641662597656,8.661280632019043,198.60491943359375
2024-01-23,52.01874542236328,42.85988235473633,105.94231414794922,38.87421798706055,30.0,102.62554931640625,41.59000015258789,13685.8251953125,118.34349060058594,494.5,11.03499984741211,41.709999084472656,589.3359375,7.571103096008301,355.37249755859375,3.5369999408721924,565.4752807617188,33.568641662597656,8.553990364074707,197.8168182373047
2024-01-24,52.59047317504883,43.19680404663086,110.7445068359375,39.06736755371094,30.520000457763672,104.3565902709961,41.900001525878906,13740.314453125,119.27660369873047,498.1000061035156,11.074999809265137,42.79999923706055,603.3261108398438,7.491032123565674,357.0743103027344,3.6530001163482666,565.4752807617188,34.3814811706543,8.77344799041748,199.39303588867188
2024-01-25,52.38257598876953,43.2234001159668,109.61746215820312,39.05057144165039,30.200000762939453,105.1973648071289,42.310001373291016,13622.255859375,118.830322265625,498.20001220703125,10.90999984741211,42.20000076293945,599.82861328125,7.482135772705078,356.4554748535156,3.640000104904175,565.4752807617188,34.01829528808594,8.905122756958008,204.51577758789062
2024-01-26,52.85901641845703,43.67558288574219,111.08751678466797,39.05057144165039,30.219999313354492,104.0103759765625,42.540000915527344,13613.173828125,120.16915893554688,506.79998779296875,11.125,42.97999954223633,606.8236694335938,7.628042221069336,361.870361328125,3.634000062942505,564.6053466796875,33.96641159057617,8.914876937866211,203.33360290527344
2024-01-29,53.96782302856445,43.17906951904297,111.28353118896484,38.76504135131836,30.135000228881836,103.86199951171875,42.560001373291016,13440.6240234375,118.78975677490234,503.3999938964844,10.9350004196167,43.400001525878906,597.2054443359375,7.583558082580566,356.4554748535156,3.5989999771118164,565.4752807617188,34.104766845703125,8.924630165100098,197.0286865234375
2024-01-30,53.70794677734375,44.26076126098633,108.83343505859375,38.96659469604492,30.145000457763672,102.67501068115234,42.65999984741211,14049.0859375,121.06168365478516,523.5999755859375,10.694999694824219,42.7599983215332,594.582275390625,7.551529884338379,367.5946960449219,3.5989999771118164,581.134521484375,34.07018280029297,9.002659797668457,202.5454864501953
2024-01-31,54.2796745300293,45.21833038330078,110.20548248291016,40.61259460449219,30.385000228881836,103.61470794677734,43.38999938964844,14139.9013671875,125.36214447021484,534.2000122070312,10.875,43.34000015258789,596.3310546875,7.62092399597168,376.72265625,3.6700000762939453,596.7939453125,39.05099868774414,9.314778327941895,198.60491943359375
2024-02-01,56.78316116333008,45.39565658569336,109.61746215820312,40.31866455078125,30.969999313354492,103.66417694091797,44.709999084472656,14330.611328125,125.40271759033203,543.0,10.744999885559082,43.5,591.52197265625,7.802417278289795,374.5567321777344,3.869999885559082,598.5338745117188,38.999114990234375,9.485467910766602,224.61270141601562
2024-02-02,56.999725341796875,47.47037887573242,108.83343505859375,41.2844352722168,30.40999984741211,103.07067108154297,46.400001525878906,14539.4873046875,129.8248748779297,559.2000122070312,10.920000076293945,43.29999923706055,593.7078857421875,7.864694595336914,383.2205810546875,3.878000020980835,589.834228515625,39.51795196533203,9.387930870056152,226.97706604003906
2024-02-05,56.6705436706543,47.168922424316406,107.0693588256836,41.15006637573242,30.375,107.7691879272461,45.900001525878906,14112.65625,128.60775756835938,555.0,11.130000114440918,42.91999816894531,584.52685546875,7.770389556884766,380.74517822265625,3.8320000171661377,591.5741577148438,40.45185470581055,9.158719062805176,221.8542938232422
2024-02-06,57.03437042236328,46.93839645385742,108.98043060302734,41.527976989746094,30.649999618530273,107.17568969726562,45.0,14312.44921875,128.60775756835938,554.7999877929688,11.039999961853027,43.540000915527344,586.2755737304688,7.891384601593018,371.6171875,3.822999954223633,595.053955078125,37.114009857177734,9.202610969543457,228.15921020507812
2024-02-07,57.06036376953125,46.99159622192383,108.63742065429688,41.544769287109375,31.0,107.1262435913086,45.25,14739.2802734375,129.6220245361328,563.0,10.880000114440918,43.349998474121094,589.3359375,7.781065464019775,382.7564392089844,3.802000045776367,597.6638793945312,37.2696647644043,9.309901237487793,223.4305419921875
2024-02-08,56.887107849121094,46.45962142944336,107.55937957763672,39.96595001220703,31.479999542236328,108.80781555175781,44.060001373291016,14630.3017578125,128.20205688476562,551.5999755859375,10.954999923706055,43.34000015258789,589.3359375,7.7721686363220215,367.9041442871094,3.680000066757202,598.5338745117188,37.062129974365234,9.124580383300781,215.5493927001953
2024-02-09,57.21628952026367,46.246826171875,106.04031372070312,39.4704704284668,31.665000915527344,109.99480438232422,43.7400016784668,14584.8955078125,128.20205688476562,546.4000244140625,10.800000190734863,42.810001373291016,581.4664916992188,7.724125862121582,368.67767333984375,3.690000057220459,598.5338745117188,36.7335319519043,8.978275299072266,216.73155212402344
2024-02-12,57.99591827392578,46.37095260620117,108.93143463134766,40.167503356933594,32.19499969482422,112.12149810791016,44.79999923706055,14848.2568359375,128.81060791015625,564.7999877929688,11.630000114440918,44.220001220703125,590.2103271484375,7.809534549713135,375.1755676269531,3.75,592.4440307617188,36.941070556640625,9.119705200195312,221.4602508544922
2024-02-13,57.25960159301758,46.12269592285156,107.11836242675781,39.579647064208984,31.290000915527344,108.11540222167969,43.13999938964844,14530.4052734375,128.20205688476562,570.5999755859375,10.675000190734863,42.189998626708984,572.72265625,7.4572248458862305,367.9041442871094,3.680000066757202,579.3946533203125,36.577884674072266,8.949014663696289,215.9434356689453
2024-02-14,57.952606201171875,47.417179107666016,107.90238952636719,40.59579849243164,32.04499816894531,109.10456848144531,43.95000076293945,14276.1220703125,132.25909423828125,595.7999877929688,10.970000267028809,43.36000061035156,582.778076171875,7.556868076324463,383.2205810546875,3.7179999351501465,595.053955078125,37.2696647644043,9.19285774230957,219.88401794433594
2024-02-15,58.03923034667969,46.90293502807617,108.19640350341797,40.19269561767578,32.0,112.51716613769531,44.9900016784668,14403.2626953125,130.595703125,615.0,11.234999656677246,42.91999816894531,586.7128295898438,7.549750328063965,380.2810363769531,3.5920000076293945,585.4844360351562,39.60442352294922,9.212364196777344,219.0959014892578
2024-02-16,58.75822830200195,47.73637008666992,111.1855239868164,40.44463348388672,31.799999237060547,113.25904083251953,44.540000915527344,14693.873046875,132.46194458007812,629.4000244140625,11.175000190734863,43.439998626708984,587.5872192382812,7.51238489151001,390.646728515625,3.5950000286102295,592.4440307617188,40.48644256591797,9.163596153259277,222.2483673095703
2024-02-19,58.61962127685547,47.82503128051758,109.76446533203125,40.67137908935547,32.255001068115234,112.8633804321289,45.2599983215332,15393.1474609375,132.54307556152344,640.0,11.3149995803833,43.0,591.9591064453125,7.556868076324463,399.1558837890625,3.700000047683716,597.6638793945312,40.83233642578125,9.266010284423828,226.58299255371094
2024-02-20,58.81019973754883,49.01312255859375,109.51945495605469,41.452392578125,31.860000610351562,113.50633239746094,45.70000076293945,15556.615234375,135.99156188964844,652.7999877929688,11.470000267028809,43.7400016784668,612.5071411132812,7.626262187957764,414.2402648925781,3.736999988555908,601.1437377929688,40.711273193359375,9.543990135192871,230.12950134277344
2024-02-21,58.567649841308594,49.13724899291992,109.17644500732422,41.22564697265625,31.18000030517578,112.26988220214844,45.400001525878906,15402.2294921875,136.27554321289062,658.7999877929688,11.319999694824219,43.4900016784668,603.3261108398438,7.59601354598999,411.14599609375,3.611999988555908,620.2828979492188,40.14055252075195,9.431822776794434,232.49386596679688
2024-02-22,57.26826477050781,49.74016189575195,109.27444458007812,41.80510711669922,33.125,114.19874572753906,46.04999923706055,16455.68359375,137.9389190673828,665.0,11.449999809265137,43.84000015258789,608.5724487304688,7.628042221069336,418.881591796875,3.5820000171661377,617.6729736328125,40.296199798583984,9.485467910766602,233.28195190429688
2024-02-23,57.27692794799805,50.094818115234375,109.12744140625,42.762474060058594,32.869998931884766,113.6052474975586,47.9900016784668,16528.3359375,141.06283569335938,683.0,11.654999732971191,43.56999969482422,618.190673828125,7.6974358558654785,429.7113952636719,3.5999999046325684,612.4532470703125,40.19243621826172,9.568374633789062,238.40472412109375
2024-02-26,56.705196380615234,49.491905212402344,107.80438995361328,42.19141387939453,33.375,112.6655502319336,47.20000076293945,17164.041015625,140.9005584716797,674.4000244140625,11.449999809265137,42.81999969482422,600.2657470703125,7.612027645111084,426.6171569824219,3.549999952316284,620.2828979492188,40.590206146240234,9.607389450073242,240.375
2024-02-27,57.1556510925293,49.030853271484375,109.07844543457031,41.56996536254883,33.540000915527344,114.05037689208984,46.560001373291016,17082.306640625,139.3183135986328,669.0,12.029999732971191,43.59000015258789,614.2559814453125,7.549750328063965,423.1361389160156,3.609999895095825,617.6729736328125,41.17822265625,9.607389450073242,244.3155975341797
2024-02-28,55.33651351928711,48.28607940673828,105.893310546875,41.37681198120117,32.349998474121094,109.89588928222656,46.0,16555.580078125,139.07489013671875,664.7999877929688,12.199999809265137,41.599998474121094,609.4468383789062,7.295304298400879,422.36260986328125,3.5360000133514404,613.3231811523438,41.3338737487793,9.509852409362793,241.1631317138672
2024-02-29,53.69062042236328,49.261383056640625,105.64830017089844,41.2424430847168,32.244998931884766,108.51106262207031,46.470001220703125,16292.2158203125,140.37313842773438,695.0,11.720000267028809,41.220001220703125,616.44189453125,7.2668352127075195,425.070068359375,3.61899995803833,635.072265625,41.697059631347656,9.534235954284668,246.679931640625
2024-03-01,54.69548034667969,49.86429214477539,106.92234802246094,41.62874984741211,31.350000381469727,109.15401458740234,46.16999816894531,16264.9716796875,140.37313842773438,687.0,11.329999923706055,42.04999923706055,626.9345703125,7.332670211791992,424.6832580566406,3.5490000247955322,642.0319213867188,42.648258209228516,9.514729499816895,245.49774169921875
2024-03-04,53.751258850097656,50.02388381958008,105.35428619384766,40.7889518737793,30.75,104.75225067138672,46.4900016784668,16237.7265625,139.84573364257812,679.7999877929688,10.800000190734863,40.79999923706055,603.3261108398438,7.145839691162109,424.6832580566406,3.236999988555908,636.8121337890625,42.80390548706055,8.944137573242188,239.58688354492188
2024-03-05,53.543357849121094,48.94219207763672,104.03123474121094,39.772796630859375,30.540000915527344,104.2576675415039,45.5099983215332,16155.9951171875,138.87203979492188,672.4000244140625,10.609999656677246,40.7400016784668,620.3766479492188,7.024844646453857,417.72125244140625,3.119999885559082,639.4219970703125,43.798343658447266,9.022167205810547,239.19281005859375
2024-03-06,54.539554595947266,48.99538803100586,106.04031372070312,39.90716552734375,30.520000457763672,105.84032440185547,45.66999816894531,15983.4453125,137.1680908203125,671.5999755859375,10.604999542236328,40.650001525878906,612.9443969726562,6.97502326965332,417.33447265625,3.0850000381469727,648.1216430664062,44.74953842163086,9.022167205810547,239.98094177246094
2024-03-07,53.92451095581055,47.417179107666016,108.24540710449219,39.68881607055664,30.799999237060547,106.58219909667969,41.939998626708984,15965.2841796875,134.85557556152344,667.2000122070312,10.699999809265137,41.150001525878906,623.43701171875,6.925201416015625,404.57073974609375,3.061000108718872,649.861572265625,45.095428466796875,9.022167205810547,243.13339233398438
2024-03-08,54.591529846191406,47.31078338623047,107.60838317871094,39.91556167602539,31.260000228881836,109.50022888183594,41.939998626708984,16037.93359375,135.5858612060547,688.0,10.6850004196167,41.08000183105469,627.8088989257812,6.976802349090576,406.1178894042969,3.128999948501587,632.46240234375,45.225135803222656,9.222118377685547,242.34527587890625
2024-03-11,54.019798278808594,48.76486587524414,108.78443145751953,39.814788818359375,30.834999084472656,115.83086395263672,41.939998626708984,16056.0986328125,138.50689697265625,692.4000244140625,10.8149995803833,40.41999816894531,636.5527954101562,6.99993371963501,411.14599609375,3.140000104904175,569.8250122070312,44.36041259765625,9.446453094482422,247.46803283691406
2024-03-12,54.262351989746094,50.414005279541016,110.54850006103516,40.730167388916016,31.09000015258789,116.3749008178711,43.029998779296875,16346.705078125,144.34901428222656,724.0,10.875,39.58000183105469,647.04541015625,7.2401442527771,419.26837158203125,3.1019999980926514,595.9239501953125,45.74397659301758,9.50009822845459,246.679931640625
2024-03-13,54.03712844848633,49.91748809814453,113.6356201171875,40.125511169433594,30.334999084472656,115.23736572265625,41.59000015258789,16373.9482421875,142.80735778808594,715.0,10.71500015258789,40.5,660.1611938476562,7.195661544799805,422.36260986328125,3.117000102996826,601.1437377929688,45.74397659301758,9.46108341217041,248.25613403320312
2024-03-14,55.189247131347656,49.91748809814453,113.68463134765625,40.36905288696289,30.68000030517578,116.5727310180664,41.86000061035156,16192.3203125,142.56393432617188,714.7999877929688,10.675000190734863,39.79999923706055,656.2265014648438,7.2063374519348145,415.0137939453125,3.111999988555908,600.2737426757812,46.738407135009766,9.724433898925781,250.62049865722656
2024-03-15,55.4837760925293,49.048587799072266,116.08572387695312,39.8903694152832,33.060001373291016,114.89116668701172,41.66999816894531,10398.3203125,141.427978515625,723.7999877929688,10.59000015258789,39.77000045776367,658.4124755859375,7.309539318084717,414.2402648925781,3.0739998817443848,583.7444458007812,47.55989456176758,8.9343843460083,256.5313720703125
2024-03-18,54.73012924194336,49.225914001464844,115.595703125,39.90716552734375,32.05500030517578,111.28072357177734,40.959999084472656,12532.474609375,138.06063842773438,725.0,10.529999732971191,38.130001068115234,656.2265014648438,7.332670211791992,408.0517578125,3.0480000972747803,605.4934692382812,46.26280975341797,8.914876937866211,249.43833923339844
2024-03-19,54.87739181518555,49.01312255859375,113.92963409423828,39.898765563964844,31.635000228881836,109.89588928222656,41.20000076293945,12214.623046875,136.92466735839844,710.7999877929688,10.210000038146973,37.5099983215332,643.5478515625,7.167191505432129,404.57073974609375,3.121000051498413,604.62353515625,46.99782180786133,8.963644981384277,243.92152404785156
2024-03-20,54.09776306152344,49.828826904296875,111.72454833984375,39.78959274291992,31.610000610351562,111.67638397216797,40.599998474121094,12468.9033203125,140.49484252929688,709.0,10.175000190734863,37.119998931884766,632.180908203125,7.044417381286621,410.3724670410156,3.0959999561309814,618.5429077148438,45.657501220703125,8.831971168518066,243.13339233398438
2024-03-21,54.36629867553711,51.513427734375,115.1546859741211,41.80510711669922,32.59000015258789,113.06121826171875,41.5,12841.2451171875,145.3227081298828,736.0,10.305000305175781,37.45000076293945,647.4826049804688,7.081783294677734,429.32464599609375,3.0989999771118164,622.0228271484375,46.17633819580078,8.944137573242188,256.9254150390625
2024-03-22,54.435604095458984,51.08784484863281,114.71367645263672,40.679779052734375,32.7400016784668,113.65470886230469,36.97999954223633,12605.126953125,144.02447509765625,737.0,10.404999732971191,36.779998779296875,640.9246826171875,7.11737060546875,426.23040771484375,3.0940001010894775,635.072265625,46.608699798583984,8.9295072555542,254.16700744628906
2024-03-25,54.03712844848633,50.62679672241211,107.5103759765625,40.42783737182617,31.59000015258789,114.05037689208984,36.9900016784668,12405.333984375,142.15823364257812,726.2000122070312,10.255000114440918,36.25,649.6685791015625,7.0853424072265625,421.2022705078125,3.1089999675750732,592.4440307617188,46.565460205078125,9.07093620300293,254.5610809326172
2024-03-26,55.94289016723633,51.60209274291992,108.44141387939453,41.01569747924805,31.959999084472656,111.77529907226562,37.18000030517578,12804.9189453125,144.8358612060547,750.0,10.84000015258789,37.11000061035156,662.7843627929688,7.184985637664795,429.7113952636719,3.069000005722046,595.9239501953125,46.99782180786133,8.919754028320312,264.0184631347656
2024-03-27,55.19791030883789,51.7794189453125,107.46137237548828,40.14230728149414,32.404998779296875,114.14928436279297,37.75,13685.8251953125,144.43017578125,743.0,10.614999771118164,36.540000915527344,657.5380859375,7.176088809967041,432.8056640625,3.0399999618530273,608.1034545898438,49.375816345214844,9.036798477172852,264.8065490722656
2024-03-28,56.37601852416992,52.612857818603516,111.8715591430664,40.99050521850586,33.084999084472656,115.6330337524414,38.77000045776367,13894.69921875,147.55409240722656,740.2000122070312,10.739999771118164,37.150001525878906,664.5331420898438,7.2081170082092285,440.5412292480469,3.059999942779541,608.973388671875,47.300479888916016,9.129457473754883,267.5649719238281
2024-04-02,57.32890319824219,52.3114013671875,116.08572387695312,40.87293243408203,32.20000076293945,114.39657592773438,38.90999984741211,13785.7216796875,146.62095642089844,734.0,10.654999732971191,37.18000030517578,655.7892456054688,7.2597174644470215,440.77325439453125,3.115000009536743,602.4486694335938,49.0991096496582,9.353793144226074,275.0520324707031
2024-04-03,58.55031967163086,52.48872756958008,118.97684478759766,41.02409362792969,32.09000015258789,112.76445770263672,37.06999969482422,13595.0107421875,147.14837646484375,731.2000122070312,10.600000381469727,37.209999084472656,657.5380859375,7.211675643920898,442.9392395019531,3.1070001125335693,595.4889526367188,48.85698318481445,9.451329231262207,273.8699035644531
2024-04-04,58.86217498779297,53.198036193847656,125.44510650634766,41.670738220214844,31.655000686645508,115.6330337524414,37.54999923706055,13803.884765625,149.3797607421875,731.5999755859375,10.710000038146973,37.439998626708984,682.895263671875,7.298863410949707,445.5693359375,3.130000114440918,595.053955078125,49.946537017822266,9.704925537109375,267.9590148925781
2024-04-05,58.922813415527344,53.41082763671875,125.69011688232422,42.0738410949707,30.899999618530273,114.79224395751953,36.970001220703125,13585.9287109375,151.52996826171875,741.0,10.539999961853027,36.20000076293945,683.7696533203125,7.3362298011779785,447.73529052734375,3.0999999046325684,592.0090942382812,49.28934860229492,9.709802627563477,271.89959716796875
2024-04-08,59.91035079956055,54.12013626098633,126.71916198730469,43.8374137878418,31.05500030517578,115.73194122314453,36.97999954223633,13931.0263671875,154.1670379638672,740.0,10.800000190734863,36.689998626708984,699.508544921875,7.377154350280762,449.4371337890625,3.0999999046325684,610.7133178710938,49.16828536987305,9.743940353393555,275.44610595703125
2024-04-09,59.875701904296875,52.48872756958008,137.79360961914062,42.54412841796875,30.75,115.83086395263672,36.5,13722.1513671875,150.4345703125,707.0,10.569999694824219,37.79999923706055,683.7696533203125,7.1333842277526855,440.927978515625,3.0920000076293945,601.1437377929688,48.839691162109375,9.831724166870117,272.6877136230469
2024-04-10,60.38679122924805,53.14483642578125,139.50868225097656,42.913639068603516,31.040000915527344,113.75362396240234,36.97999954223633,14167.14453125,152.90936279296875,711.7999877929688,10.350000381469727,38.29999923706055,690.3275146484375,7.224131107330322,447.8900146484375,3.049999952316284,603.318603515625,50.05030822753906,9.168472290039062,275.44610595703125
2024-04-11,59.078739166259766,51.60209274291992,138.33262634277344,41.939476013183594,31.454999923706055,117.41352081298828,37.5,14339.693359375,148.48719787597656,695.4000244140625,10.604999542236328,35.290000915527344,696.4481811523438,7.291746139526367,432.7283020019531,3.065000057220459,608.973388671875,49.237464904785156,9.300148010253906,272.6877136230469
2024-04-12,58.775550842285156,51.2474365234375,141.6157684326172,40.7973518371582,30.940000534057617,117.21569061279297,36.560001373291016,14457.7529296875,146.41810607910156,687.2000122070312,10.180000305175781,35.34000015258789,685.0811767578125,7.060431480407715,426.8492126464844,2.930999994277954,616.802978515625,50.56914138793945,9.041675567626953,270.3233642578125
2024-04-15,59.59849548339844,51.58435821533203,141.32174682617188,41.2088508605957,31.0,114.24820709228516,36.599998474121094,14376.01953125,147.6352081298828,683.7999877929688,10.050000190734863,34.400001525878906,692.0762939453125,7.044417381286621,429.4793395996094,2.885999917984009,611.1482543945312,52.05646896362305,8.866108894348145,274.26397705078125
2024-04-16,56.9390869140625,49.52737045288086,134.8044891357422,41.47758483886719,31.375,110.34101104736328,36.58000183105469,13831.12890625,143.1724853515625,670.5999755859375,9.760000228881836,32.70000076293945,698.1969604492188,6.919863224029541,419.8871765136719,2.8369998931884766,602.013671875,51.08797836303711,8.519851684570312,261.4942932128906
2024-04-17,58.498348236083984,51.37156677246094,139.55767822265625,41.85549545288086,31.889999389648438,111.23125457763672,35.79999923706055,13776.6396484375,146.5803985595703,683.0,9.829999923706055,33.25,711.312744140625,6.8397932052612305,428.0869445800781,2.8299999237060547,598.9688110351562,52.22941207885742,8.593005180358887,263.23760986328125
2024-04-18,58.08254623413086,52.16954040527344,140.73373413085938,42.577720642089844,33.0,111.47854614257812,36.029998779296875,14158.064453125,148.7711944580078,682.4000244140625,10.109999656677246,33.0,714.3731079101562,6.942994594573975,433.1923828125,2.9179999828338623,595.053955078125,52.92119598388672,8.563743591308594,264.1092224121094
2024-04-19,58.602298736572266,52.41779708862305,139.55767822265625,42.5609245300293,32.665000915527344,111.97312927246094,36.79999923706055,13912.86328125,149.7854461669922,679.2000122070312,10.104999542236328,33.04999923706055,723.5541381835938,6.925201416015625,432.1094055175781,2.9790000915527344,586.789306640625,50.672908782958984,8.583250999450684,264.1092224121094
2024-04-22,59.286643981933594,53.30442810058594,136.86256408691406,43.48469924926758,33.29499816894531,114.99007415771484,37.529998779296875,14778.0791015625,153.84246826171875,691.0,10.119999885559082,33.810001373291016,736.2327880859375,7.0159478187561035,442.010986328125,2.9100000858306885,600.2737426757812,51.122562408447266,8.534482955932617,269.339111328125
2024-04-23,58.64561080932617,55.48554992675781,130.00228881835938,43.53508758544922,33.32500076293945,114.49549102783203,38.45000076293945,14204.3525390625,157.63436889648438,690.7999877929688,10.300000190734863,33.119998931884766,732.7352294921875,7.071107387542725,446.8070068359375,2.868000030517578,619.4129028320312,52.76554489135742,8.24187183380127,277.1839294433594
2024-04-24,57.952606201171875,55.52101135253906,130.24729919433594,42.913639068603516,32.900001525878906,114.89116668701172,38.220001220703125,14074.8017578125,155.4675750732422,671.0,10.015000343322754,31.190000534057617,730.112060546875,7.072886943817139,440.77325439453125,2.8399999141693115,602.8836669921875,53.128726959228516,8.193102836608887,271.51824951171875
2024-04-25,57.779354095458984,54.9713020324707,135.19650268554688,42.82965850830078,32.29999923706055,113.35795593261719,36.61000061035156,13926.7431640625,153.48133850097656,671.7999877929688,9.899999618530273,30.43000030517578,730.9864501953125,7.055092811584473,433.9659729003906,2.806999921798706,583.3094482421875,53.44002914428711,8.066306114196777,273.6973571777344
2024-04-26,58.31643295288086,54.7053108215332,136.9115753173828,43.24955749511719,33.27000045776367,114.89116668701172,38.5099983215332,14389.4267578125,156.2349853515625,678.0,9.949999809265137,30.34000015258789,744.1022338867188,7.026623725891113,435.0489501953125,2.940000057220459,594.1839599609375,54.28746032714844,8.193102836608887,271.9540710449219
2024-04-29,59.00944519042969,54.545719146728516,140.9297332763672,43.954986572265625,34.29499816894531,116.5727310180664,38.91999816894531,14657.7822265625,154.74530029296875,684.4000244140625,10.109999656677246,30.979999542236328,752.408935546875,7.106694221496582,437.8337707519531,2.934000015258789,603.7535400390625,53.87239074707031,8.329654693603516,278.4914245605469
2024-04-30,57.55413055419922,53.81867980957031,137.8426055908203,43.06480026245117,34.01499938964844,117.21569061279297,38.9900016784668,14555.9912109375,152.57850646972656,685.7999877929688,10.055000305175781,30.700000762939453,737.5443725585938,6.99281644821167,433.811279296875,2.9149999618530273,598.0988159179688,54.97924041748047,8.26137924194336,277.1839294433594
2024-05-02,57.285587310791016,53.25123596191406,137.15658569335938,43.36712646484375,34.20000076293945,118.25431823730469,38.66999816894531,14528.23046875,151.13397216796875,686.2000122070312,9.977999687194824,30.75,734.0467529296875,7.072886943817139,434.2754211425781,2.924999952316284,608.973388671875,52.10835266113281,8.417438507080078,276.31231689453125
2024-05-06,58.78421401977539,54.26199722290039,141.32174682617188,44.66041564941406,36.904998779296875,122.75499725341797,39.61000061035156,15296.2841796875,155.28700256347656,705.0,10.420000076293945,31.920000076293945,758.966796875,7.2401442527771,442.7845153808594,3.0239999294281006,628.5474853515625,56.4146842956543,8.485713958740234,265.41668701171875
2024-05-07,58.31643295288086,53.747745513916016,140.9297332763672,44.69401168823242,36.209999084472656,127.10731506347656,39.63999938964844,15129.7177734375,155.1064453125,698.4000244140625,10.494999885559082,31.739999771118164,758.0924072265625,7.184985637664795,439.22613525390625,3.2049999237060547,635.5072021484375,57.158348083496094,9.314778327941895,269.339111328125
2024-05-08,58.775550842285156,53.889610290527344,144.06585693359375,44.84517288208008,36.415000915527344,130.37155151367188,39.93000030517578,15370.3134765625,155.28700256347656,696.2000122070312,10.720000267028809,31.59000015258789,775.1429443359375,7.156515598297119,442.1656799316406,3.2160000801086426,633.7672729492188,57.93660354614258,9.344038963317871,262.3659362792969
2024-05-09,58.541664123535156,53.747745513916016,146.22195434570312,45.31545639038086,37.1150016784668,130.07479858398438,39.599998474121094,15907.025390625,154.8807373046875,695.4000244140625,11.470000267028809,32.02000045776367,776.017333984375,7.3308916091918945,439.0714416503906,3.3919999599456787,655.0813598632812,58.38625717163086,10.260887145996094,264.1092224121094
2024-05-10,59.20001220703125,51.03464889526367,147.0059814453125,44.005374908447266,38.0,130.32208251953125,39.16999816894531,15694.1904296875,148.78662109375,660.0,11.850000381469727,31.520000457763672,769.8966064453125,7.305980205535889,422.05316162109375,3.4660000801086426,642.4669189453125,57.71177291870117,10.416946411132812,258.8793640136719
2024-05-13,59.32129669189453,51.47796630859375,149.1620635986328,44.29090881347656,38.060001373291016,139.32347106933594,39.0,15971.7998046875,150.68255615234375,653.5999755859375,12.649999618530273,31.93000030517578,777.76611328125,7.391388416290283,427.6227722167969,3.450000047683716,636.8121337890625,59.18180847167969,10.212118148803711,261.4942932128906
2024-05-14,59.82371520996094,51.14104080200195,151.36715698242188,44.509254455566406,38.060001373291016,141.49961853027344,38.779998779296875,16101.3515625,150.41172790527344,658.4000244140625,13.100000381469727,31.8799991607666,773.8313598632812,7.494590759277344,427.3133850097656,3.6989998817443848,647.6867065429688,59.666053771972656,10.34867000579834,257.13604736328125
2024-05-15,59.849708557128906,51.07011032104492,149.94610595703125,45.31545639038086,38.23500061035156,138.13645935058594,39.400001525878906,16471.498046875,152.12709045410156,657.0,13.130000114440918,30.739999771118164,782.5751953125,7.608469009399414,426.1604309082031,3.4779999256134033,654.2113647460938,61.65492248535156,10.25113296508789,258.44354248046875
2024-05-16,60.178890228271484,50.963714599609375,154.0132598876953,46.60874557495117,38.38999938964844,141.35122680664062,40.65999984741211,16277.171875,148.19976806640625,647.4000244140625,13.020000457763672,31.190000534057617,775.580078125,7.583558082580566,422.6259460449219,3.6050000190734863,645.0767822265625,61.39550018310547,10.543744087219238,254.95692443847656
2024-05-17,61.2270622253418,50.591331481933594,161.06956481933594,46.47438049316406,38.849998474121094,139.5707550048828,40.630001068115234,16397.470703125,145.9878387451172,649.2000122070312,13.0600004196167,31.979999542236328,771.2081909179688,7.686759948730469,425.8238220214844,3.5999999046325684,650.2965698242188,62.26022720336914,10.455961227416992,253.64947509765625
2024-05-20,62.803646087646484,50.715457916259766,166.60678100585938,46.39039993286133,38.845001220703125,141.10394287109375,41.02000045776367,16147.6201171875,146.078125,643.4000244140625,13.024999618530273,33.150001525878906,771.2081909179688,7.642276763916016,424.47735595703125,3.933000087738037,663.7809448242188,63.211421966552734,10.533989906311035,252.77780151367188
2024-05-21,63.17613983154297,50.662261962890625,166.26376342773438,44.49245834350586,37.6349983215332,140.95558166503906,40.779998779296875,16101.3515625,140.93199157714844,634.2000122070312,13.194999694824219,33.13999938964844,769.4594116210938,7.572882175445557,430.87310791015625,3.9579999446868896,666.390869140625,63.090362548828125,10.426698684692383,250.5987091064453
2024-05-22,62.916259765625,50.53813552856445,157.7864227294922,43.61906814575195,37.90999984741211,143.42848205566406,40.65999984741211,15981.052734375,140.7965545654297,629.7999877929688,13.050000190734863,32.20000076293945,768.1478271484375,7.510605335235596,428.0118713378906,3.9809999465942383,695.099609375,64.04155731201172,10.524236679077148,250.16285705566406
2024-05-23,57.97859573364258,51.72622299194336,153.91526794433594,42.812862396240234,39.91999816894531,140.609375,40.88999938964844,15842.25,146.1684112548828,638.4000244140625,13.65999984741211,32.34000015258789,766.3990478515625,7.410961627960205,431.04144287109375,3.8459999561309814,682.9201049804688,64.85440826416016,10.007290840148926,257.13604736328125
2024-05-24,56.471309661865234,51.44249725341797,154.8953094482422,42.577720642089844,40.0,137.88917541503906,40.70000076293945,16101.3515625,143.2342071533203,630.7999877929688,13.140000343322754,30.899999618530273,750.222900390625,7.5266194343566895,426.83367919921875,3.8469998836517334,689.0098876953125,64.923583984375,10.017045021057129,254.52110290527344
2024-05-27,56.9564094543457,51.69075393676758,155.63034057617188,41.88908767700195,39.974998474121094,138.23536682128906,40.029998779296875,15842.25,145.58157348632812,635.5999755859375,13.5,29.299999237060547,755.0320434570312,7.473238468170166,431.71466064453125,3.8350000381469727,692.48974609375,64.0761489868164,9.997536659240723,260.6226501464844
2024-05-28,56.24607849121094,51.37156677246094,154.11126708984375,41.6539421081543,39.834999084472656,137.6913299560547,39.619998931884766,15860.7568359375,144.6335906982422,633.0,12.925000190734863,29.40999984741211,751.9716796875,7.346905708312988,431.5463562011719,3.802000045776367,672.6251831054688,62.26022720336914,9.987783432006836,257.5718688964844
2024-05-29,54.790767669677734,50.945980072021484,148.72105407714844,41.79671096801758,39.125,128.8878173828125,39.209999084472656,15851.5029296875,141.7896728515625,619.2000122070312,12.800000190734863,28.0,750.66015625,7.170751094818115,421.95269775390625,3.861999988555908,674.4468383789062,61.2398567199707,9.646404266357422,261.4942932128906
2024-05-31,55.067970275878906,52.63058853149414,148.6720428466797,41.989864349365234,37.775001525878906,128.8878173828125,39.209999084472656,16045.830078125,144.45303344726562,626.0,12.494999885559082,28.459999084472656,754.5949096679688,7.295304298400879,424.47735595703125,4.047999858856201,680.8223876953125,61.51905822753906,10.017045021057129,258.8793640136719
2024-06-03,55.37982177734375,52.3114013671875,151.07315063476562,41.84709930419922,38.0,132.79498291015625,39.65999984741211,15990.30859375,144.3627471923828,636.0,13.095000267028809,29.270000457763672,752.8460693359375,7.396727561950684,429.1900329589844,4.059000015258789,675.3576049804688,61.22123718261719,10.173103332519531,262.8017578125
2024-06-04,54.236366271972656,49.811092376708984,145.29090881347656,40.90652084350586,38.290000915527344,130.96502685546875,39.150001525878906,15888.5166015625,139.48745727539062,609.4000244140625,12.670000076293945,29.299999237060547,752.408935546875,7.357581615447998,412.3590393066406,3.994999885559082,666.2496337890625,59.84381103515625,10.036551475524902,251.03453063964844
2024-06-05,54.262351989746094,50.55586624145508,140.8807373046875,41.192054748535156,38.25,131.75636291503906,38.83000183105469,16092.0986328125,141.8799591064453,618.4000244140625,12.649999618530273,28.030000686645508,754.1576538085938,7.407403469085693,414.0421447753906,3.999000072479248,678.0900268554688,61.61212921142578,9.899999618530273,257.5718688964844
2024-06-06,55.16325759887695,51.176509857177734,143.72283935546875,40.83934020996094,37.67499923706055,131.06394958496094,39.08000183105469,16471.498046875,144.45303344726562,617.0,12.595000267028809,26.5,760.715576171875,7.373595714569092,420.1854248046875,3.9800000190734863,661.2401733398438,60.79311752319336,9.909753799438477,249.72703552246094
2024-06-07,54.65216827392578,50.48493576049805,140.34170532226562,40.7889518737793,37.18000030517578,133.3885040283203,38.7400016784668,16129.111328125,140.20973205566406,601.0,12.494999885559082,25.18000030517578,754.5949096679688,7.289967060089111,414.29461669921875,3.950000047683716,654.4092407226562,61.42599105834961,9.851231575012207,249.72703552246094
2024-06-10,54.834083557128906,50.13028335571289,141.37075805664062,40.579002380371094,37.4900016784668,132.54769897460938,39.599998474121094,16101.3515625,140.3451385498047,602.2000122070312,12.399999618530273,26.799999237060547,754.5949096679688,7.163633346557617,414.7995300292969,3.950000047683716,625.7190551757812,61.42599105834961,9.978029251098633,251.47035217285156
2024-06-11,53.950496673583984,49.811092376708984,139.3126678466797,40.36905288696289,37.29499816894531,132.99282836914062,38.95000076293945,16045.830078125,138.90061950683594,590.4000244140625,12.029999732971191,26.799999237060547,747.1625366210938,7.060431480407715,412.1065979003906,3.815000057220459,606.5922241210938,62.5056037902832,9.690296173095703,244.06134033203125
2024-06-12,54.10642623901367,50.8395881652832,141.51776123046875,40.327064514160156,37.560001373291016,133.536865234375,39.189998626708984,16434.482421875,143.9564666748047,600.2000122070312,12.1899995803833,27.149999618530273,764.2130737304688,7.224131107330322,416.6509704589844,3.9159998893737793,628.451416015625,63.82719039916992,9.534235954284668,247.98373413085938
2024-06-13,53.92451095581055,50.25440979003906,140.09669494628906,40.184295654296875,37.334999084472656,131.50906372070312,39.27000045776367,15555.38671875,139.53260803222656,581.7999877929688,11.75,28.31999969482422,743.2278442382812,7.042637825012207,411.9382629394531,3.8480000495910645,615.244873046875,63.04540252685547,9.524482727050781,241.88221740722656
2024-06-14,54.964019775390625,50.80411911010742,138.6266326904297,40.59579849243164,36.76499938964844,132.34986877441406,39.810001373291016,15435.087890625,140.61599731445312,585.0,11.890000343322754,29.100000381469727,736.2327880859375,7.115591049194336,414.54705810546875,3.8499999046325684,612.512451171875,61.94717788696289,9.314778327941895,241.88221740722656
2024-06-17,55.856266021728516,51.93901443481445,138.28363037109375,41.485984802246094,37.70000076293945,134.5754852294922,40.61000061035156,15934.78515625,142.64736938476562,595.5999755859375,12.300000190734863,30.270000457763672,751.9716796875,7.2187933921813965,420.101318359375,3.9000000953674316,616.1556396484375,63.343223571777344,9.363547325134277,247.54791259765625
2024-06-18,55.76097869873047,52.524192810058594,138.0386199951172,41.821903228759766,37.20000076293945,134.72386169433594,39.959999084472656,15823.7412109375,142.73765563964844,593.7999877929688,12.109999656677246,28.81999969482422,749.3485717773438,7.099576950073242,424.6456604003906,3.9000000953674316,613.4232788085938,66.07947540283203,9.280640602111816,247.54791259765625
2024-06-19,56.86978530883789,53.641353607177734,139.01866149902344,41.79671096801758,37.29999923706055,136.70217895507812,40.209999084472656,15832.9951171875,146.48440551757812,621.0,12.199999809265137,30.06999969482422,757.218017578125,7.170751094818115,435.9223937988281,3.9730000495910645,614.7894897460938,66.87987518310547,9.363547325134277,251.90615844726562
2024-06-20,56.9564094543457,54.35065841674805,141.17474365234375,41.821903228759766,37.185001373291016,136.70217895507812,40.68000030517578,15721.9501953125,147.2066650390625,612.5999755859375,12.135000228881836,29.469999313354492,766.3990478515625,7.158294677734375,433.39776611328125,3.9489998817443848,606.1368408203125,65.9305648803711,9.314778327941895,253.21365356445312
2024-06-21,56.7225227355957,53.73001480102539,139.263671875,41.553165435791016,37.060001373291016,135.4567108154297,41.2400016784668,15620.162109375,146.4392547607422,605.4000244140625,12.119999885559082,29.760000228881836,781.2636108398438,7.273952007293701,431.2097473144531,3.9700000286102295,612.9678955078125,66.191162109375,9.212364196777344,257.13604736328125
2024-06-24,58.195159912109375,54.51025390625,148.91705322265625,42.0738410949707,37.619998931884766,142.63058471679688,41.43000030517578,15832.9951171875,148.29006958007812,622.4000244140625,12.359999656677246,29.809999465942383,792.630615234375,7.393168926239014,444.0012512207031,3.9600000381469727,645.756591796875,66.50759887695312,9.348916053771973,257.13604736328125
2024-06-25,58.62828826904297,55.432350158691406,147.93701171875,42.59451675415039,37.595001220703125,143.27822875976562,41.61000061035156,15620.162109375,148.74148559570312,623.2000122070312,12.180000305175781,29.600000381469727,779.5148315429688,7.226987361907959,449.38720703125,3.9100000858306885,633.4608154296875,66.17254638671875,9.183103561401367,261.4942932128906
2024-06-26,58.27312088012695,55.20182418823242,147.3000030517578,42.44335174560547,38.290000915527344,140.88693237304688,41.630001068115234,15777.4736328125,146.93582153320312,609.0,12.149999618530273,29.829999923706055,778.2032470703125,7.455486297607422,444.3379211425781,3.890000104904175,626.1744384765625,64.94402313232422,9.553744316101074,262.3659362792969
2024-06-27,58.5849723815918,55.53874588012695,148.0,42.863250732421875,38.05500030517578,137.99746704101562,40.15999984741211,15860.7568359375,148.96719360351562,615.0,12.149999618530273,29.3700008392334,783.4495849609375,7.323297023773193,450.9019775390625,3.9560000896453857,632.0946044921875,66.91710662841797,10.182856559753418,260.1867980957031
2024-06-28,58.6369514465332,55.78700256347656,150.35000610351562,43.28315353393555,37.70000076293945,138.44583129882812,40.619998931884766,15814.48828125,151.67567443847656,637.0,12.119999885559082,29.600000381469727,782.5751953125,7.349734783172607,455.44635009765625,3.9600000381469727,634.8270263671875,66.67512512207031,10.387683868408203,264.9808654785156
2024-07-01,58.81019973754883,55.48554992675781,147.89999389648438,43.11519241333008,37.25,137.79818725585938,39.81999969482422,15684.9365234375,152.26251220703125,625.5999755859375,12.350000381469727,29.799999237060547,753.720458984375,7.64621639251709,462.17877197265625,3.997999906539917,637.1040649414062,66.26560974121094,10.36817741394043,267.5958251953125
2024-07-02,59.087406158447266,54.829437255859375,146.6999969482422,42.02345275878906,36.439998626708984,138.34619140625,39.349998474121094,15453.595703125,152.71392822265625,626.7999877929688,12.0600004196167,30.270000457763672,759.4039306640625,7.47437047958374,461.33721923828125,3.937999963760376,624.8082885742188,66.07947540283203,10.34867000579834,260.6226501464844
2024-07-03,59.607154846191406,54.7053108215332,152.4499969482422,42.124229431152344,36.630001068115234,142.23204040527344,39.66999816894531,15277.775390625,151.44996643066406,632.4000244140625,12.369999885559082,31.09000015258789,761.5899658203125,7.487589359283447,460.1590270996094,4.010000228881836,637.1040649414062,64.31114959716797,10.885123252868652,258.0076904296875
2024-07-04,59.849708557128906,54.847171783447266,151.9499969482422,42.25859832763672,36.42499923706055,141.48475646972656,39.20000076293945,15712.6982421875,151.4951171875,627.4000244140625,12.364999771118164,30.530000686645508,760.2783203125,7.510250568389893,464.1984558105469,3.934999942779541,637.5594482421875,64.59036254882812,11.13871955871582,261.4942932128906
2024-07-05,58.680259704589844,54.12013626098633,152.3000030517578,41.637149810791016,35.599998474121094,144.473876953125,38.5,15555.38671875,149.8248748779297,622.5999755859375,12.40999984741211,30.31999969482422,752.8460693359375,7.525357723236084,455.9512634277344,3.878999948501587,632.550048828125,64.9254150390625,10.894876480102539,258.8793640136719
2024-07-08,58.48968505859375,54.49251937866211,153.35000610351562,42.359371185302734,35.875,145.7691650390625,38.779998779296875,15666.427734375,152.1722412109375,629.5999755859375,12.40999984741211,30.020000457763672,760.715576171875,7.481924057006836,466.3865051269531,3.8429999351501465,632.0946044921875,65.61412811279297,10.914383888244629,260.6226501464844
2024-07-09,57.935279846191406,54.7053108215332,154.64999389648438,42.510536193847656,36.09000015258789,146.8651580810547,38.849998474121094,15786.7265625,151.8562469482422,633.0,12.4399995803833,29.479999542236328,757.218017578125,7.427160263061523,469.0794677734375,3.9179999828338623,631.6392211914062,67.15908813476562,11.382561683654785,264.1092224121094
2024-07-10,56.999725341796875,54.457054138183594,153.35000610351562,41.603553771972656,35.76499938964844,147.1142578125,39.349998474121094,15601.6552734375,151.1791229248047,631.0,12.28499984741211,29.25,745.8510131835938,7.383726596832275,466.2181701660156,3.865999937057495,616.6110229492188,67.41968536376953,11.333792686462402,261.4942932128906
2024-07-11,57.96992874145508,54.40385818481445,154.5,42.241798400878906,36.60499954223633,149.4557342529297,39.95000076293945,15749.712890625,153.4362030029297,638.2000122070312,12.234999656677246,28.079999923706055,751.0972900390625,7.487589359283447,468.5744934082031,3.871999979019165,617.5218505859375,66.95433044433594,11.470344543457031,261.4942932128906
2024-07-12,58.31643295288086,54.33292770385742,156.0,42.275394439697266,36.79999923706055,157.97471618652344,40.400001525878906,16175.3798828125,153.6619110107422,643.2000122070312,12.149999618530273,28.0,754.1576538085938,7.580121994018555,473.45550537109375,3.8499999046325684,623.4420166015625,67.54998016357422,11.450837135314941,263.6734313964844
2024-07-15,58.22980880737305,54.2442626953125,153.35000610351562,42.812862396240234,36.67499923706055,163.20567321777344,40.75,16064.3388671875,155.19671630859375,649.7999877929688,12.170000076293945,28.149999618530273,747.5997924804688,7.481924057006836,478.6731262207031,3.816999912261963,623.4420166015625,59.58320999145508,11.21674919128418,261.0584716796875
2024-07-16,56.30671691894531,52.914310455322266,145.75,40.98210525512695,35.880001068115234,159.91763305664062,39.5099983215332,15453.595703125,149.238037109375,624.2000122070312,11.369999885559082,27.780000686645508,737.1071166992188,7.344069480895996,461.16888427734375,3.760999917984009,612.512451171875,56.77250671386719,10.807093620300293,257.13604736328125
2024-07-17,55.9948616027832,52.20500564575195,145.3000030517578,40.48662185668945,34.779998779296875,159.22018432617188,39.689998626708984,15175.986328125,146.25869750976562,616.0,11.4399995803833,27.700000762939453,728.8004760742188,7.283640384674072,452.5850830078125,3.799999952316284,598.8504638671875,55.48814392089844,10.924138069152832,254.52110290527344
2024-07-18,56.4539794921875,54.08467102050781,142.25,41.318023681640625,35.29999923706055,161.21292114257812,40.72999954223633,15453.595703125,148.29006958007812,634.7999877929688,11.760000228881836,29.18000030517578,727.9260864257812,7.39505672454834,459.82244873046875,3.799999952316284,604.7706298828125,55.54398727416992,11.050935745239258,255.82859802246094
2024-07-19,56.462646484375,53.33989715576172,137.39999389648438,41.08287811279297,35.130001068115234,156.92852783203125,40.279998779296875,15166.732421875,147.70323181152344,641.0,11.515000343322754,28.809999465942383,747.5997924804688,7.370507717132568,461.33721923828125,3.809000015258789,600.2166748046875,55.46953201293945,10.894876480102539,254.95692443847656
2024-07-22,55.88225555419922,53.90734100341797,133.75,41.20045471191406,35.125,156.92852783203125,39.83000183105469,15342.552734375,150.32142639160156,639.5999755859375,11.734999656677246,29.030000686645508,746.7254028320312,7.425271511077881,459.4858093261719,3.799999952316284,612.9678955078125,57.98241424560547,10.885123252868652,253.21365356445312
2024-07-23,55.423133850097656,52.666053771972656,130.5,41.20045471191406,35.42499923706055,156.729248046875,38.77000045776367,15074.1953125,147.25181579589844,623.0,11.619999885559082,27.90999984741211,736.2327880859375,7.277975082397461,453.93157958984375,3.759999990463257,603.4044799804688,57.68458938598633,10.729063987731934,255.3927459716797
2024-07-24,54.66082763671875,52.55965805053711,130.64999389648438,40.83934020996094,35.33000183105469,155.63323974609375,38.689998626708984,14787.333984375,146.48440551757812,623.0,11.71500015258789,27.389999389648438,747.5997924804688,7.279863357543945,454.2681884765625,3.759999990463257,582.0006713867188,58.484989166259766,10.71930980682373,253.64947509765625
2024-07-25,55.30186080932617,52.48872756958008,131.5,40.553810119628906,35.40999984741211,156.67942810058594,35.13999938964844,14620.7666015625,145.2655792236328,616.0,12.899999618530273,27.3799991607666,727.0516967773438,7.36106538772583,444.1695861816406,3.7279999256134033,582.0006713867188,58.16855239868164,10.738818168640137,255.82859802246094
2024-07-26,55.22389602661133,52.43552780151367,131.3000030517578,40.56220626831055,35.5,154.88595581054688,34.38999938964844,14389.4267578125,145.0398712158203,615.5999755859375,12.90999984741211,27.360000610351562,721.8053588867188,7.4063873291015625,443.3280334472656,3.7880001068115234,587.9208984375,58.782814025878906,10.641280174255371,252.34197998046875
2024-07-29,55.69167709350586,52.63058853149414,131.85000610351562,40.738563537597656,35.7400016784668,158.12416076660156,34.650001525878906,14111.8173828125,147.16152954101562,623.7999877929688,12.699999809265137,27.0,721.8053588867188,7.374284267425537,446.02099609375,3.815999984741211,579.7236938476562,58.61528778076172,10.924138069152832,254.0852813720703
2024-07-30,54.7647819519043,51.7794189453125,130.14999389648438,40.20109176635742,35.875,154.985595703125,33.86000061035156,13806.4462890625,144.54331970214844,611.4000244140625,12.885000228881836,27.030000686645508,721.3682250976562,7.402610778808594,438.95196533203125,3.809000015258789,561.5077514648438,57.81488800048828,10.690049171447754,258.8793640136719
2024-07-31,56.020851135253906,52.27593231201172,136.10000610351562,40.74696350097656,36.400001525878906,158.472900390625,35.20000076293945,14056.294921875,144.8141632080078,623.0,12.96500015258789,26.68000030517578,719.1822509765625,7.49891996383667,439.2886047363281,3.7980000972747803,580.6344604492188,58.80142593383789,10.748571395874023,263.23760986328125
2024-08-01,54.903385162353516,51.38929748535156,132.1999969482422,39.98274612426758,36.209999084472656,159.5190887451172,34.439998626708984,13649.1337890625,140.84170532226562,606.5999755859375,12.720000267028809,26.700000762939453,713.0615844726562,7.398833751678467,427.8435363769531,3.7309999465942383,566.9724731445312,58.16855239868164,10.690049171447754,249.72703552246094
2024-08-02,54.92070770263672,49.54510498046875,130.5,39.4704704284668,35.86000061035156,156.82887268066406,34.09000015258789,13639.8798828125,136.77896118164062,582.0,13.279999732971191,26.5,695.5737915039062,7.604671478271484,422.4576416015625,3.799999952316284,567.4279174804688,56.69805145263672,10.87536907196045,241.44639587402344
2024-08-05,52.928314208984375,47.93143081665039,124.0999984741211,38.496307373046875,35.154998779296875,150.9004669189453,32.959999084472656,13491.8212890625,131.63282775878906,566.7999877929688,12.720000267028809,25.600000381469727,670.6538696289062,7.412052631378174,408.90869140625,3.5350000858306885,555.132080078125,54.55744934082031,10.114581108093262,230.9866180419922
2024-08-06,53.17953109741211,46.7078742980957,124.0,38.47111129760742,34.529998779296875,149.9040985107422,33.09000015258789,13269.7353515625,128.20205688476562,552.0,12.420000076293945,25.950000762939453,669.7794799804688,7.512138843536377,397.3794860839844,3.375999927520752,539.193115234375,55.637054443359375,9.656157493591309,228.80751037597656
2024-08-07,52.945640563964844,46.474754333496094,124.0999984741211,39.04217529296875,35.38999938964844,156.23106384277344,33.709999084472656,13241.974609375,130.45913696289062,546.4000244140625,12.734999656677246,26.3799991607666,664.5331420898438,7.546130657196045,399.5674743652344,3.4100000858306885,535.094482421875,55.934879302978516,9.84147834777832,224.4492645263672
2024-08-08,53.91584777832031,47.29533767700195,123.9000015258789,38.92460250854492,36.23500061035156,163.10601806640625,34.310001373291016,13482.568359375,129.78201293945312,557.0,12.854999542236328,26.270000457763672,683.7696533203125,7.610337257385254,400.9981384277344,3.443000078201294,537.3715209960938,56.4932975769043,9.929261207580566,227.064208984375
2024-08-09,53.3267936706543,48.414310455322266,122.94999694824219,38.59708023071289,36.30500030517578,163.4547576904297,33.27000045776367,13112.4228515625,130.91055297851562,560.7999877929688,12.699999809265137,26.15999984741211,669.3422241210938,7.555572509765625,406.04742431640625,3.450000047683716,530.0851440429688,56.586368560791016,9.929261207580566,230.9866180419922
2024-08-12,55.925559997558594,50.39116668701172,126.69999694824219,39.67202377319336,37.25,169.83152770996094,34.310001373291016,13723.1630859375,135.92127990722656,574.2000122070312,12.899999618530273,27.040000915527344,686.3927612304688,7.695315361022949,414.8836975097656,3.6010000705718994,543.2916870117188,58.16855239868164,10.319408416748047,235.7806854248047
2024-08-13,55.189247131347656,50.0927734375,124.8499984741211,38.99178695678711,37.5,171.1766357421875,34.220001220703125,13538.08984375,135.96641540527344,588.0,12.899999618530273,26.200000762939453,688.1415405273438,7.695315361022949,417.07171630859375,3.624000072479248,541.0147094726562,59.99271774291992,10.182856559753418,233.16574096679688
2024-08-14,54.55687713623047,51.0066032409668,125.30000305175781,39.70561599731445,38.20000076293945,173.66757202148438,34.279998779296875,13204.958984375,138.67491149902344,601.4000244140625,12.729999542236328,25.729999542236328,685.95556640625,7.712311744689941,416.9875793457031,3.6570000648498535,537.8269653320312,59.155094146728516,10.299901962280273,236.2165069580078
2024-08-16,55.46644973754883,52.89021301269531,136.8000030517578,40.51182174682617,39.14500045776367,179.1974334716797,34.56999969482422,13815.7001953125,144.90444946289062,623.7999877929688,12.789999961853027,25.360000610351562,703.8804931640625,7.700981140136719,436.76397705078125,3.7760000228881836,549.6673583984375,61.98440933227539,10.397438049316406,243.189697265625
2024-08-19,55.94289016723633,53.28185272216797,138.9499969482422,40.77215576171875,38.26499938964844,179.1974334716797,34.52000045776367,13686.1484375,144.54331970214844,628.5999755859375,13.09000015258789,25.899999618530273,698.1969604492188,7.761410713195801,436.0907287597656,3.7679998874664307,558.3198852539062,62.44975662231445,10.36817741394043,241.88221740722656
2024-08-20,54.842742919921875,52.21882629394531,138.1999969482422,40.049930572509766,37.435001373291016,174.6639404296875,34.060001373291016,13639.8798828125,142.6925048828125,615.5999755859375,12.975000381469727,25.200000762939453,705.6290893554688,7.608448028564453,428.8533935546875,3.700000047683716,549.6673583984375,61.42599105834961,10.2316255569458,238.83145141601562
2024-08-21,55.33651351928711,52.14422607421875,139.85000610351562,40.453033447265625,38.529998779296875,178.94833374023438,34.0,13732.4169921875,143.0536346435547,617.4000244140625,12.979999542236328,25.530000686645508,712.2062377929688,7.831281661987305,429.5266418457031,3.6640000343322754,545.5686645507812,62.15193557739258,10.124335289001465,237.52398681640625
2024-08-22,53.73393249511719,52.759666442871094,136.89999389648438,40.167503356933594,38.724998474121094,184.3287353515625,34.650001525878906,13639.8798828125,142.87307739257812,616.7999877929688,14.359999656677246,25.170000076293945,710.7968139648438,7.836947441101074,430.19989013671875,3.6659998893737793,541.925537109375,62.2077751159668,10.182856559753418,239.26727294921875
2024-08-23,54.62617874145508,53.76673889160156,138.64999389648438,40.98210525512695,37.8849983215332,180.79161071777344,31.25,13602.865234375,144.31761169433594,626.2000122070312,14.460000038146973,25.299999237060547,707.50830078125,7.893599510192871,434.23931884765625,3.640000104904175,546.4794921875,61.965797424316406,10.153595924377441,237.95980834960938
2024-08-26,54.894718170166016,52.98345947265625,140.0,40.7133674621582,37.875,179.54615783691406,31.8700008392334,13436.2998046875,142.1508026123047,631.4000244140625,14.699999809265137,25.450000762939453,715.0249633789062,8.139094352722168,432.72454833984375,3.7009999752044678,539.193115234375,61.128170013427734,10.163350105285645,234.47320556640625
2024-08-27,54.97268295288086,52.66641616821289,142.10000610351562,40.83934020996094,37.619998931884766,178.74905395507812,33.0,13556.5986328125,141.2479705810547,619.7999877929688,14.649999618530273,25.979999542236328,714.0853881835938,8.144760131835938,429.8632507324219,3.700000047683716,535.5498657226562,62.80342483520508,10.27064037322998,236.2165069580078
2024-08-28,54.70414352416992,52.74101638793945,136.85000610351562,40.92332077026367,37.3849983215332,179.3468780517578,32.689998626708984,13269.7353515625,141.29312133789062,627.5999755859375,14.364999771118164,25.8700008392334,706.0989379882812,8.133429527282715,431.5463562011719,3.5409998893737793,536.00537109375,63.41768264770508,9.919507026672363,235.7806854248047
2024-08-29,55.37982177734375,53.804039001464844,136.89999389648438,39.74760437011719,37.900001525878906,180.44290161132812,32.45000076293945,13575.1044921875,142.51194763183594,634.0,14.5600004196167,25.68000030517578,713.1458129882812,8.186305046081543,436.59564208984375,3.509999990463257,540.559326171875,62.78480911254883,10.017045021057129,235.7806854248047
2024-08-30,55.7349853515625,53.971885681152344,138.8000030517578,39.16814422607422,38.06999969482422,182.43563842773438,32.25,13639.8798828125,143.0536346435547,640.0,14.8100004196167,25.68000030517578,729.1187744140625,8.210854530334473,437.2688903808594,3.552000045776367,548.3011474609375,63.67827606201172,10.32916259765625,243.189697265625
2024-09-02,57.121002197265625,54.75516891479492,138.9499969482422,40.41104507446289,37.880001068115234,180.74179077148438,32.25,14148.8310546875,146.4392547607422,658.0,14.895000457763672,26.440000534057617,754.017822265625,8.344932556152344,449.38720703125,3.756999969482422,555.5875244140625,65.3163070678711,10.777832984924316,240.5747528076172
2024-09-03,55.934226989746094,54.1210823059082,131.39999389648438,40.091922760009766,37.900001525878906,175.7101287841797,31.670000076293945,13991.5185546875,142.918212890625,638.0,14.579999923706055,25.600000381469727,734.7562866210938,8.24295711517334,437.942138671875,3.700000047683716,538.2823486328125,63.4735221862793,11.255763053894043,237.08815002441406
2024-09-04,55.27587127685547,54.34487533569336,134.60000610351562,39.97434616088867,37.459999084472656,176.7064971923828,31.399999618530273,13760.177734375,141.97024536132812,635.5999755859375,14.604999542236328,25.299999237060547,741.8031616210938,8.225961685180664,436.76397705078125,3.6519999504089355,532.8175048828125,58.07548522949219,11.109457969665527,238.83145141601562
2024-09-05,53.88119888305664,54.04648208618164,134.14999389648438,39.70561599731445,36.720001220703125,174.0162811279297,30.850000381469727,13593.6123046875,140.5708465576172,632.2000122070312,14.529999732971191,25.5,720.6624755859375,8.299610137939453,431.2097473144531,3.5850000381469727,510.5029602050781,57.70320510864258,10.738818168640137,234.47320556640625
2024-09-06,53.01494216918945,52.49856948852539,131.6999969482422,39.12615203857422,35.86000061035156,170.1304473876953,30.84000015258789,13084.6611328125,136.50811767578125,605.0,13.75,24.139999389648438,713.1458129882812,8.231627464294434,423.4674987792969,3.4609999656677246,516.8785400390625,57.38676834106445,10.670541763305664,223.1417999267578
2024-09-09,53.19685363769531,53.02075958251953,133.39999389648438,39.369693756103516,35.92499923706055,165.59695434570312,31.1299991607666,13084.6611328125,138.81033325195312,623.7999877929688,13.895000457763672,23.0,707.9780883789062,8.24295711517334,426.3287658691406,3.374000072479248,521.8878784179688,56.958648681640625,10.358423233032227,224.4492645263672
2024-09-10,52.685760498046875,52.759666442871094,131.5,38.79863357543945,35.95500183105469,161.61146545410156,31.3700008392334,12955.1103515625,134.79273986816406,612.7999877929688,13.600000381469727,22.010000228881836,718.3135375976562,8.273172378540039,423.130859375,3.4019999504089355,521.8878784179688,56.307159423828125,10.563251495361328,222.2701416015625
2024-09-11,52.20932388305664,50.37251663208008,131.6999969482422,38.21077346801758,35.97999954223633,164.10238647460938,31.09000015258789,12649.740234375,132.71621704101562,594.2000122070312,13.600000381469727,22.1299991607666,722.0718994140625,8.24862289428711,386.9442443847656,3.319999933242798,511.8691711425781,56.26993179321289,10.436452865600586,213.5536651611328
2024-09-12,51.81950378417969,51.435543060302734,135.0,38.51310348510742,37.20000076293945,167.14132690429688,30.579999923706055,13084.6611328125,133.66419982910156,621.7999877929688,13.78499984741211,23.0,736.6354370117188,8.235404014587402,390.14215087890625,3.4000000953674316,522.3433227539062,57.10755920410156,10.504729270935059,225.3209228515625
2024-09-13,52.642452239990234,53.319149017333984,138.0,39.13454818725586,37.53499984741211,169.38316345214844,30.899999618530273,13399.2861328125,137.1852264404297,638.7999877929688,13.765000343322754,22.65999984741211,735.6958618164062,8.394031524658203,386.4393310546875,3.378000020980835,529.6296997070312,57.68458938598633,10.436452865600586,228.80751037597656
2024-09-16,52.58181381225586,52.05097961425781,138.60000610351562,36.25456237792969,37.79999923706055,172.27264404296875,30.329999923706055,13454.8076171875,134.38645935058594,634.4000244140625,13.774999618530273,22.739999771118164,755.4271850585938,8.38270092010498,389.63720703125,3.384999990463257,542.3809204101562,58.112709045410156,10.533989906311035,226.1925506591797
2024-09-17,53.0929069519043,52.53586959838867,141.0,38.35667419433594,38.665000915527344,175.7599334716797,31.5,13686.1484375,135.19900512695312,656.7999877929688,13.970000267028809,23.360000610351562,746.9708862304688,8.422357559204102,392.49847412109375,3.372999906539917,547.845703125,58.280235290527344,10.416946411132812,228.37167358398438
2024-09-18,52.73773956298828,52.72236633300781,140.75,38.199249267578125,38.724998474121094,175.7101287841797,31.229999542236328,13501.0751953125,135.7858428955078,669.2000122070312,13.779999732971191,23.0,730.058349609375,8.26750659942627,392.161865234375,3.3329999446868896,540.559326171875,57.53567886352539,10.29014778137207,228.37167358398438
2024-09-19,53.23044204711914,53.15130615234375,146.14999389648438,38.828956604003906,35.474998474121094,177.1548614501953,33.209999084472656,13741.6708984375,138.81033325195312,663.0,13.619999885559082,22.559999465942383,743.2125854492188,8.180639266967773,398.8100891113281,3.299999952316284,548.3011474609375,57.98241424560547,10.27064037322998,223.57760620117188
2024-09-20,52.1706657409668,51.976383209228516,146.85000610351562,38.45853805541992,35.83000183105469,175.06248474121094,31.530000686645508,13029.1396484375,134.52188110351562,657.0,13.350000381469727,22.200000762939453,710.7968139648438,8.029565811157227,390.2262878417969,3.2799999713897705,538.7377319335938,56.17686080932617,10.134088516235352,224.8850860595703
2024-09-23,52.31940460205078,51.976383209228516,149.85000610351562,38.59744644165039,36.334999084472656,166.99188232421875,32.869998931884766,13278.9892578125,134.07046508789062,626.0,13.359999656677246,22.600000381469727,724.890625,8.120210647583008,389.8896789550781,3.3310000896453857,538.2823486328125,57.16339874267578,10.416946411132812,223.1417999267578
2024-09-24,53.45355224609375,53.486995697021484,157.14999389648438,39.54201126098633,36.29999923706055,170.92755126953125,33.79999923706055,13408.5380859375,136.73382568359375,634.4000244140625,13.850000381469727,23.329999923706055,751.6688232421875,8.190081596374512,394.6864929199219,3.4140000343322754,550.578125,57.498451232910156,10.972906112670898,229.2433319091797
2024-09-25,53.13747787475586,53.39374923706055,156.0500030517578,39.71795654296875,36.58000183105469,171.47555541992188,35.5,13889.728515625,135.7858428955078,624.0,13.800000190734863,23.739999771118164,753.5480346679688,8.156089782714844,391.3203125,3.4700000286102295,541.4700927734375,58.35469436645508,11.226502418518066,227.064208984375
2024-09-26,51.63148498535156,54.25162887573242,163.6999969482422,39.3568000793457,36.10499954223633,171.22645568847656,36.0,14491.2158203125,137.45608520507812,637.2000122070312,12.755000114440918,23.950000762939453,769.52099609375,8.139094352722168,392.3301696777344,3.4100000858306885,551.4888916015625,59.04340744018555,11.041181564331055,232.29408264160156
2024-09-27,52.86788558959961,54.32622528076172,163.5500030517578,40.218021392822266,36.06999969482422,173.6177520751953,35.9900016784668,14648.52734375,137.72694396972656,631.5999755859375,13.039999961853027,25.200000762939453,774.2188720703125,8.082442283630371,393.00341796875,3.4200000762939453,556.498291015625,58.96895217895508,11.363053321838379,230.9866180419922
2024-09-30,51.93825912475586,52.20017623901367,159.35000610351562,38.967864990234375,34.810001373291016,173.51809692382812,35.06999969482422,14611.513671875,132.6259307861328,617.4000244140625,12.770000457763672,25.8799991607666,774.688720703125,7.980466842651367,382.31573486328125,3.3469998836517334,544.2025146484375,57.10755920410156,11.177734375,229.2433319091797
2024-10-01,53.01662826538086,51.155799865722656,162.0500030517578,39.0789909362793,34.70500183105469,170.9773712158203,34.20000076293945,14852.1083984375,131.22654724121094,605.5999755859375,12.800000190734863,26.0,768.111572265625,7.952140808105469,380.8851318359375,3.3450000286102295,541.0147094726562,57.81488800048828,11.21674919128418,223.57760620117188
2024-10-02,54.476139068603516,51.099849700927734,163.35000610351562,39.23641586303711,34.71500015258789,169.08425903320312,34.15999984741211,14870.6162109375,129.51116943359375,603.7999877929688,12.649999618530273,26.549999237060547,769.9907836914062,7.848278045654297,378.192138671875,3.365000009536743,536.00537109375,57.51706314086914,10.87536907196045,226.62838745117188
2024-10-03,53.40707015991211,50.279266357421875,158.85000610351562,38.58818435668945,34.45500183105469,167.19114685058594,33.81999969482422,14574.4990234375,127.07352447509766,590.0,12.510000228881836,28.770000457763672,768.5813598632812,7.8123979568481445,370.1132507324219,3.367000102996826,525.5311279296875,59.00617980957031,10.914383888244629,222.2701416015625
2024-10-04,53.63947677612305,50.428466796875,161.0,38.45853805541992,34.099998474121094,169.88134765625,34.0,14768.826171875,128.2923583984375,583.7999877929688,12.524999618530273,28.059999465942383,770.4605712890625,7.950252532958984,374.23687744140625,3.3380000591278076,525.0757446289062,58.913108825683594,10.690049171447754,223.1417999267578
2024-10-07,52.04051971435547,50.484413146972656,161.60000610351562,38.069602966308594,34.1150016784668,168.1376953125,35.9900016784668,14731.8115234375,127.93121337890625,579.5999755859375,12.069999694824219,28.56999969482422,789.2522583007812,7.910595893859863,376.256591796875,3.3299999237060547,533.728271484375,57.665977478027344,10.085320472717285,224.4492645263672
2024-10-08,51.31541061401367,51.304996490478516,154.89999389648438,38.30111312866211,34.29999923706055,170.23008728027344,35.70000076293945,14528.23046875,129.6917266845703,588.7999877929688,12.0,28.1299991607666,771.8699340820312,7.950252532958984,378.78125,3.2760000228881836,507.7705383300781,59.09925079345703,10.085320472717285,225.75672912597656
2024-10-09,51.789520263671875,52.98345947265625,155.0,38.8104362487793,34.439998626708984,170.9773712158203,35.61000061035156,14639.2744140625,134.97329711914062,601.2000122070312,12.270000457763672,27.5,770.4605712890625,7.929479598999023,392.8350830078125,3.2839999198913574,536.9161376953125,59.192317962646484,10.065812110900879,228.80751037597656
2024-10-10,51.501338958740234,53.07670593261719,155.4499969482422,37.98625946044922,34.44499969482422,167.9384307861328,35.68000030517578,14643.9990234375,133.66419982910156,601.5999755859375,11.90999984741211,26.93000030517578,777.0376586914062,7.85394287109375,390.6470947265625,3.3589999675750732,535.5498657226562,58.4105339050293,10.280393600463867,228.37167358398438
2024-10-11,51.76163101196289,54.23297882080078,158.9499969482422,38.365936279296875,35.71500015258789,160.56527709960938,34.959999084472656,14766.8193359375,136.32754516601562,611.2000122070312,11.979999542236328,27.969999313354492,782.2053833007812,7.886046409606934,392.3301696777344,3.3929998874664307,551.9443359375,59.43429946899414,10.446207046508789,233.16574096679688
2024-10-14,51.31541061401367,54.2889289855957,156.1999969482422,38.30111312866211,35.005001068115234,160.16673278808594,35.040000915527344,15021.908203125,136.6886749267578,612.2000122070312,11.755000114440918,28.6299991607666,770.9303588867188,7.7519683837890625,395.1072692871094,3.385999917984009,549.2119140625,57.94518280029297,10.241378784179688,235.7806854248047
2024-10-15,50.88778305053711,54.307579040527344,153.75,38.514102935791016,34.77000045776367,164.40130615234375,34.400001525878906,15069.1474609375,136.05670166015625,613.5999755859375,11.954999923706055,27.229999542236328,774.688720703125,7.882268905639648,395.528076171875,3.3989999294281006,541.0147094726562,58.6711311340332,10.68029499053955,241.01055908203125
2024-10-16,50.58100509643555,54.66191864013672,157.6999969482422,38.2825927734375,35.2599983215332,164.3514862060547,34.59000015258789,15295.8935546875,136.4629669189453,617.5999755859375,12.414999961853027,27.700000762939453,773.279296875,8.140982627868652,402.68121337890625,3.4130001068115234,552.8551025390625,57.3681526184082,10.768078804016113,239.26727294921875
2024-10-17,49.781524658203125,53.505645751953125,153.89999389648438,37.66214370727539,34.845001220703125,158.9212646484375,33.290000915527344,15097.490234375,131.81338500976562,593.7999877929688,12.279999732971191,26.5,743.2125854492188,7.9483642578125,386.2710266113281,3.3949999809265137,539.193115234375,56.23270034790039,10.563251495361328,228.37167358398438
2024-10-18,49.64208221435547,53.822689056396484,157.6999969482422,38.37519454956055,35.0,159.86781311035156,33.38999938964844,15031.35546875,134.79273986816406,614.2000122070312,12.1850004196167,26.0,752.6083984375,7.9426984786987305,390.3104553222656,3.3949999809265137,538.7377319335938,56.82835006713867,10.75832462310791,230.9866180419922
2024-10-21,49.94886016845703,52.423973083496094,159.5500030517578,37.634361267089844,34.70000076293945,155.83250427246094,33.369998931884766,14946.3271484375,131.31683349609375,600.0,12.274999618530273,26.579999923706055,746.5010986328125,7.903041839599609,385.7660827636719,3.4119999408721924,527.3527221679688,60.402225494384766,10.729063987731934,233.16574096679688
2024-10-22,49.05641555786133,51.771236419677734,160.10000610351562,37.143558502197266,34.47999954223633,158.0245361328125,33.22999954223633,14341.6708984375,129.6917266845703,591.7999877929688,12.734999656677246,26.6200008392334,739.4542236328125,7.808621406555176,378.192138671875,3.4200000762939453,514.6015625,60.58836364746094,10.631526947021484,224.8850860595703
2024-10-23,49.05641555786133,52.31207275390625,154.6999969482422,37.69918441772461,34.28499984741211,160.51547241210938,33.0099983215332,14549.521484375,132.12937927246094,590.0,12.6899995803833,27.09000015258789,741.8031616210938,7.668877601623535,382.1474304199219,3.5,509.59210205078125,60.04855728149414,10.563251495361328,226.1925506591797
2024-10-24,49.3446044921875,52.38667297363281,154.75,37.764007568359375,34.45500183105469,158.7220001220703,32.349998474121094,14643.9990234375,131.31683349609375,577.7999877929688,12.510000228881836,27.420000076293945,666.6362915039062,7.563126564025879,380.0435485839844,3.5829999446868896,514.6015625,62.09609603881836,10.777832984924316,225.75672912597656
2024-10-25,50.03252410888672,52.16287612915039,155.25,37.930694580078125,34.810001373291016,158.12416076660156,32.22999954223633,14653.4462890625,130.72999572753906,578.0,12.595000267028809,27.079999923706055,638.9185180664062,7.491366386413574,377.2664489746094,3.700000047683716,510.0475158691406,60.3277702331543,10.953398704528809,222.7059783935547
2024-10-28,49.76293182373047,51.69663619995117,154.6999969482422,37.55101776123047,35.0,160.4158172607422,33.27000045776367,14729.0283203125,129.51116943359375,576.7999877929688,12.975000381469727,27.59000015258789,653.0123291015625,7.548018932342529,377.68719482421875,3.7709999084472656,501.39495849609375,61.072330474853516,10.924138069152832,220.96267700195312
2024-10-29,49.2330436706543,53.6175422668457,154.64999389648438,38.14368438720703,35.529998779296875,162.20928955078125,33.5,14757.3720703125,133.79962158203125,596.4000244140625,12.949999809265137,27.600000381469727,642.6768798828125,7.517804145812988,404.61676025390625,3.7799999713897705,503.67193603515625,61.63074493408203,10.963152885437012,218.7835693359375
2024-10-30,48.70315933227539,52.21882629394531,152.1999969482422,37.05095291137695,35.84000015258789,160.36599731445312,32.59000015258789,14181.0595703125,129.55630493164062,567.0,12.699999809265137,27.399999618530273,623.8851318359375,7.372395992279053,386.9442443847656,3.759999990463257,464.9629821777344,59.97410583496094,10.865615844726562,222.2701416015625
2024-10-31,48.42427062988281,52.03232955932617,149.4499969482422,36.76388168334961,35.119998931884766,160.16673278808594,33.16999816894531,13708.671875,126.57696533203125,561.7999877929688,12.59000015258789,26.81999969482422,639.3883056640625,7.334627628326416,376.76153564453125,3.7049999237060547,456.31036376953125,60.402225494384766,10.865615844726562,216.6044464111328
2024-11-04,48.83330535888672,54.04648208618164,152.1999969482422,37.4861946105957,35.22999954223633,160.01727294921875,34.38999938964844,14067.6875,130.3688507080078,575.7999877929688,12.649999618530273,27.3799991607666,628.5830688476562,7.546130657196045,387.9541320800781,3.6710000038146973,471.7939758300781,62.598670959472656,10.777832984924316,216.16860961914062
2024-11-05,48.43356704711914,54.08378219604492,149.8000030517578,37.43989181518555,34.4900016784668,160.8641815185547,33.88999938964844,13822.044921875,129.55630493164062,572.5999755859375,12.65999984741211,26.549999237060547,629.5226440429688,7.4403791427612305,390.98370361328125,3.5859999656677246,460.40899658203125,61.79827117919922,10.914383888244629,217.47607421875
2024-11-06,48.22904968261719,55.14680862426758,145.60000610351562,37.55101776123047,34.775001525878906,159.07070922851562,34.400001525878906,13869.2841796875,130.1431427001953,570.4000244140625,12.555000305175781,27.329999923706055,633.281005859375,7.179777145385742,394.0132751464844,3.509999990463257,455.2174072265625,62.44975662231445,10.972906112670898,214.8611297607422
2024-11-07,49.92097091674805,55.9487419128418,151.4499969482422,38.62522506713867,35.130001068115234,162.4085693359375,34.5,14124.3720703125,140.48057556152344,597.5999755859375,12.25,27.84000015258789,676.501953125,7.262867450714111,408.6562194824219,3.566999912261963,472.70477294921875,64.62759399414062,10.933891296386719,222.2701416015625
2024-11-08,48.898380279541016,55.55710220336914,146.64999389648438,38.10664367675781,34.650001525878906,160.4158172607422,39.400001525878906,13935.41796875,140.02915954589844,584.0,12.225000381469727,27.549999237060547,653.4821166992188,7.342181205749512,398.7259521484375,3.609999895095825,461.3197937011719,63.696895599365234,11.167980194091797,220.96267700195312
2024-11-12,46.843902587890625,54.68056869506836,133.14999389648438,37.84735107421875,34.20500183105469,160.81436157226562,40.439998626708984,13500.822265625,138.67491149902344,579.0,11.890000343322754,26.149999618530273,654.8914794921875,7.255313873291016,397.0428161621094,3.5169999599456787,454.8531188964844,64.51590728759766,11.070444107055664,226.1925506591797
2024-11-13,47.262237548828125,53.43104553222656,133.9499969482422,37.893653869628906,35.1150016784668,157.92489624023438,39.31999969482422,13415.79296875,136.14698791503906,561.2000122070312,11.8149995803833,26.5,662.4081420898438,7.179777145385742,390.731201171875,3.4690001010894775,440.8268127441406,64.25531005859375,10.953398704528809,225.3209228515625
2024-11-14,49.36319351196289,55.12815856933594,130.64999389648438,38.495582580566406,31.135000228881836,161.2627410888672,39.95000076293945,13803.1494140625,133.25791931152344,568.5999755859375,12.170000076293945,26.100000381469727,676.501953125,7.321408748626709,397.463623046875,3.5820000171661377,453.21368408203125,65.33491516113281,11.206995010375977,222.7059783935547
2024-11-15,49.065711975097656,52.57316970825195,130.1999969482422,37.893653869628906,29.149999618530273,155.28451538085938,38.91999816894531,13538.61328125,129.33059692382812,558.4000244140625,11.805000305175781,25.139999389648438,676.0321655273438,7.1854424476623535,385.177001953125,3.5199999809265137,450.2991027832031,65.52105712890625,10.972906112670898,220.09103393554688
2024-11-18,49.64208221435547,52.125579833984375,130.5,38.097381591796875,28.6299991607666,155.6830596923828,39.040000915527344,13774.806640625,125.94498443603516,550.7999877929688,12.010000228881836,24.700000762939453,690.5957641601562,7.262867450714111,380.12774658203125,3.578000068664551,453.39581298828125,65.44660186767578,10.894876480102539,218.3477325439453
2024-11-19,48.0803108215332,50.2606201171875,126.75,37.05095291137695,28.0,153.0426788330078,38.380001068115234,13226.837890625,122.92049407958984,534.0,11.944999694824219,24.43000030517578,670.8644409179688,7.176000118255615,369.1875915527344,3.493000030517578,433.90472412109375,63.82719039916992,10.79733943939209,209.1954345703125
2024-11-20,47.62479019165039,50.297916412353516,129.8000030517578,36.995391845703125,28.2450008392334,157.4267120361328,39.27000045776367,13907.0751953125,123.552490234375,536.2000122070312,12.300000190734863,25.149999618530273,667.1060791015625,7.183553695678711,370.5340576171875,3.515000104904175,446.10943603515625,65.1487808227539,10.670541763305664,209.63125610351562
2024-11-21,48.563716888427734,50.55901336669922,130.3000030517578,39.52348709106445,28.920000076293945,159.41944885253906,39.75,13850.388671875,125.62899017333984,545.4000244140625,12.925000190734863,25.399999618530273,673.6831665039062,7.157115936279297,370.7023620605469,3.5889999866485596,444.65216064453125,65.09294128417969,11.285024642944336,213.1178436279297
2024-11-22,48.18256759643555,50.68955993652344,130.5,40.116153717041016,28.815000534057617,160.26637268066406,39.630001068115234,14521.1787109375,125.80956268310547,560.4000244140625,13.699999809265137,26.0,685.8978271484375,7.289305210113525,372.8062438964844,3.614000082015991,441.373291015625,65.1115493774414,11.655664443969727,213.5536651611328
2024-11-25,48.247642517089844,50.70820999145508,129.9499969482422,39.930946350097656,29.290000915527344,164.94931030273438,39.130001068115234,14662.8955078125,127.07352447509766,549.4000244140625,14.09000015258789,26.020000457763672,687.7769775390625,7.323297023773193,374.9942626953125,3.635999917984009,436.09063720703125,65.89334106445312,11.70443344116211,203.09390258789062
2024-11-26,48.3870849609375,50.614959716796875,130.0,39.782779693603516,28.950000762939453,171.57518005371094,39.709999084472656,14643.9990234375,126.30611419677734,542.7999877929688,14.5600004196167,26.110000610351562,678.381103515625,7.249648571014404,371.2914733886719,3.6040000915527344,433.17608642578125,65.89334106445312,11.743448257446289,198.73565673828125
2024-11-27,47.68056869506836,50.72686004638672,127.75,40.00503158569336,28.950000762939453,164.0027618408203,39.29999923706055,14691.2373046875,125.53871154785156,533.2000122070312,14.595000267028809,26.0,683.548828125,7.245871543884277,368.43017578125,3.5880000591278076,431.7188415527344,65.39076232910156,11.762955665588379,197.864013671875
2024-11-28,47.61549758911133,51.69663619995117,127.3499984741211,39.671653747558594,28.5049991607666,164.20204162597656,38.70000076293945,14596.759765625,126.89295959472656,530.0,14.4399995803833,25.530000686645508,677.4415283203125,7.192996025085449,369.7766418457031,3.6010000705718994,436.4549865722656,65.01847839355469,11.68492603302002,202.2222442626953
2024-11-29,47.429569244384766,52.125579833984375,127.25,40.93107223510742,28.770000457763672,166.59332275390625,38.59000015258789,14795.1630859375,122.46907806396484,530.0,14.350000381469727,25.520000457763672,680.7301025390625,7.260979175567627,367.9252624511719,3.6459999084472656,429.3507385253906,65.91194915771484,11.304532051086426,206.1446533203125
2024-12-02,48.12678909301758,53.93458557128906,130.0500030517578,42.19049072265625,29.200000762939453,169.5824432373047,39.119998931884766,15437.609375,129.0146026611328,545.0,14.479999542236328,25.440000534057617,682.6092529296875,7.293082237243652,379.2019958496094,3.6459999084472656,437.18359375,65.4652099609375,11.411822319030762,210.0670928955078
2024-12-03,47.71775436401367,53.89728546142578,130.4499969482422,41.968238830566406,28.989999771118164,178.7988739013672,39.40999984741211,15276.998046875,129.37574768066406,540.0,14.779999732971191,24.639999389648438,673.6831665039062,7.1986613273620605,374.06854248046875,3.437999963760376,434.8155212402344,65.48383331298828,11.148472785949707,204.83718872070312
2024-12-04,48.024532318115234,55.1095085144043,130.0500030517578,42.48682403564453,30.264999389648438,179.2472381591797,39.880001068115234,15522.638671875,131.67796325683594,536.7999877929688,14.630000114440918,24.559999465942383,668.9852905273438,7.293082237243652,382.73651123046875,3.322000026702881,433.72259521484375,67.38245391845703,10.904630661010742,207.45213317871094
2024-12-05,48.749637603759766,56.32173538208008,130.39999389648438,42.69981384277344,30.3700008392334,192.29971313476562,41.20000076293945,15711.59375,133.93504333496094,562.7999877929688,14.774999618530273,24.829999923706055,676.0321655273438,7.228876113891602,398.4734802246094,3.3610000610351562,431.7188415527344,68.18285369873047,11.109457969665527,208.3237762451172
2024-12-06,48.47075271606445,56.862571716308594,128.64999389648438,42.59794998168945,30.350000381469727,199.12486267089844,40.77000045776367,15673.802734375,134.25103759765625,556.0,14.744999885559082,24.389999389648438,671.8040161132812,7.359177112579346,399.7358093261719,3.319999933242798,430.6258544921875,67.92225646972656,10.992414474487305,217.04025268554688
2024-12-09,49.3446044921875,57.14231491088867,133.39999389648438,42.59794998168945,29.844999313354492,193.59500122070312,40.54999923706055,15928.8916015625,132.67108154296875,561.2000122070312,15.09000015258789,24.799999237060547,671.8040161132812,7.264755725860596,400.9981384277344,3.367000102996826,431.5366516113281,67.47552490234375,11.060689926147461,217.9119110107422
2024-12-10,49.47475051879883,57.198265075683594,130.64999389648438,43.00540542602539,30.299999237060547,193.29608154296875,40.56999969482422,15891.1005859375,132.76136779785156,561.5999755859375,14.699999809265137,24.25,662.4081420898438,7.1420087814331055,402.00799560546875,3.4000000953674316,428.6221008300781,66.67512512207031,11.128965377807617,224.4492645263672
2024-12-11,46.56501770019531,56.63877868652344,130.5500030517578,42.83871841430664,30.100000381469727,194.89028930664062,41.22999954223633,15976.1298828125,131.45225524902344,554.2000122070312,14.84000015258789,24.719999313354492,670.8644409179688,7.081579208374023,394.18157958984375,3.546999931335449,426.9826354980469,66.56343841552734,11.109457969665527,223.57760620117188
2024-12-12,45.430870056152344,57.198265075683594,127.19999694824219,42.97762680053711,28.700000762939453,190.30697631835938,40.880001068115234,15380.921875,131.99395751953125,566.4000244140625,14.899999618530273,24.06999969482422,667.5758666992188,7.189218997955322,397.3794860839844,3.484999895095825,421.70001220703125,66.26560974121094,11.206995010375977,219.6551971435547
2024-12-13,45.737648010253906,56.99311828613281,127.0,43.060970306396484,29.059999465942383,182.93382263183594,40.439998626708984,15295.8935546875,131.18141174316406,564.0,15.119999885559082,24.010000228881836,664.7571411132812,7.176000118255615,399.146728515625,3.509999990463257,423.3394470214844,65.80026245117188,11.655664443969727,216.6044464111328
2024-12-16,44.88703918457031,56.694725036621094,124.75,42.86650085449219,29.125,188.61314392089844,40.22999954223633,15258.1025390625,130.91055297851562,567.7999877929688,15.385000228881836,23.920000076293945,672.7435913085938,7.136343479156494,401.8396911621094,3.7809998989105225,427.1648254394531,65.42799377441406,12.484728813171387,216.16860961914062
2024-12-17,43.06032180786133,55.46385192871094,121.8499984741211,42.088626861572266,28.454999923706055,188.76258850097656,40.20000076293945,15050.251953125,125.80956268310547,532.7999877929688,14.90999984741211,22.809999465942383,660.998779296875,6.998488426208496,386.77593994140625,3.8499999046325684,401.1159362792969,63.1198616027832,12.17261028289795,207.45213317871094
2024-12-18,43.26019287109375,56.228485107421875,121.05000305175781,42.34791564941406,28.030000686645508,191.20370483398438,40.0,15154.1767578125,128.42776489257812,542.0,14.654999732971191,22.100000381469727,667.1060791015625,6.985269069671631,394.6864929199219,3.740000009536743,422.42864990234375,63.25015640258789,12.09458065032959,211.8103790283203
2024-12-19,43.75289535522461,56.396331787109375,117.4000015258789,43.4869499206543,27.989999771118164,188.0153045654297,39.81999969482422,15050.251953125,127.61522674560547,552.4000244140625,14.550000190734863,21.389999389648438,655.3612670898438,7.02492618560791,395.6122131347656,3.7339999675750732,426.6183166503906,62.970951080322266,12.348176956176758,211.8103790283203
2024-12-20,43.56697082519531,55.6130485534668,116.44999694824219,42.6905517578125,27.889999389648438,186.62039184570312,39.560001373291016,14880.19140625,125.22271728515625,546.7999877929688,14.4350004196167,20.780000686645508,635.6299438476562,7.011707305908203,388.543212890625,3.7190001010894775,421.70001220703125,62.78480911254883,12.260394096374512,220.09103393554688
2024-12-23,43.2369499206543,55.79954528808594,117.30000305175781,42.34791564941406,27.850000381469727,186.62039184570312,39.290000915527344,14955.7744140625,126.08040618896484,553.5999755859375,14.350000381469727,20.200000762939453,643.616455078125,6.881406307220459,389.63720703125,3.690000057220459,431.1723327636719,64.72065734863281,12.387191772460938,211.8103790283203
2024-12-27,43.59950637817383,55.762245178222656,117.3499984741211,42.625728607177734,27.674999237060547,189.85861206054688,39.4900016784668,14955.7744140625,125.26786041259766,549.0,14.119999885559082,20.489999771118164,638.44873046875,7.0305914878845215,388.03826904296875,3.7019999027252197,427.7113037109375,65.66996765136719,12.621280670166016,211.3745574951172
2024-12-30,43.878395080566406,55.724945068359375,115.0,42.44978332519531,27.079999923706055,190.75534057617188,38.97999954223633,14691.2373046875,124.50045013427734,547.2000122070312,14.140000343322754,20.709999084472656,641.2674560546875,6.955054759979248,385.0928649902344,3.759000062942505,424.9789123535156,65.52105712890625,12.592019081115723,210.50289916992188
